site_id	variable	value
altos_de_piedra	tW	0.045859
altos_de_piedra	tW	0.396485
altos_de_piedra	tW	0.673651
altos_de_piedra	tW	0.034715
altos_de_piedra	tW	0.392083
altos_de_piedra	tW	0.043312
altos_de_piedra	tW	0.607475
altos_de_piedra	tW	0.297675
altos_de_piedra	tW	0.39016
altos_de_piedra	tW	0.0839
altos_de_piedra	tW	0.580763
altos_de_piedra	tW	0.337319
altos_de_piedra	tW	0.475278
altos_de_piedra	tW	0.45246
altos_de_piedra	tW	0.592864
altos_de_piedra	tW	0.099817
altos_de_piedra	tW	0.416902
altos_de_piedra	tW	0.444363
altos_de_piedra	tW	0.159779
altos_de_piedra	tW	0.32831
altos_de_piedra	tW	0.918701
altos_de_piedra	tW	0.665486
altos_de_piedra	tW	0.423681
altos_de_piedra	tW	0.489439
altos_de_piedra	tW	1.193168
altos_de_piedra	tW	1.208183
altos_de_piedra	tW	0.074395
altos_de_piedra	tW	0.503134
altos_de_piedra	tW	0.414477
altos_de_piedra	tW	0.290107
altos_de_piedra	tW	0.182225
altos_de_piedra	tW	0.237963
altos_de_piedra	tW	7.17e-4
altos_de_piedra	tW	0.03564
altos_de_piedra	tW	0.871931
altos_de_piedra	tW	0.872651
altos_de_piedra	tW	0.497857
altos_de_piedra	tW	0.089872
altos_de_piedra	tW	0.035606
altos_de_piedra	tW	0.581472
altos_de_piedra	tW	0.632807
altos_de_piedra	tW	0.203586
altos_de_piedra	tW	0.613567
altos_de_piedra	tW	0.147518
altos_de_piedra	tW	0.526664
altos_de_piedra	tW	1.121849
altos_de_piedra	tW	0.044903
altos_de_piedra	tW	0.390806
altos_de_piedra	tW	0.65536
altos_de_piedra	tW	1.199552
altos_de_piedra	tW	0.10791100000000001
altos_de_piedra	tW	0.09365
altos_de_piedra	tW	0.605469
altos_de_piedra	tW	0
altos_de_piedra	tW	0.369818
altos_de_piedra	tW	0.236166
altos_de_piedra	tW	0.464731
altos_de_piedra	tW	0.925489
altos_de_piedra	tW	0
altos_de_piedra	tW	0.051732
altos_de_piedra	tW	0.365442
altos_de_piedra	tW	0.150201
altos_de_piedra	tW	0.291749
altos_de_piedra	tW	0.103011
altos_de_piedra	tW	1.36381
altos_de_piedra	tW	0.872328
altos_de_piedra	tW	0.209025
altos_de_piedra	tW	0.281329
altos_de_piedra	tW	1.164642
altos_de_piedra	tW	0.290738
altos_de_piedra	tW	0.682196
altos_de_piedra	tW	0.039808
altos_de_piedra	tW	0.291635
altos_de_piedra	tW	0.089802
altos_de_piedra	tW	0.678951
altos_de_piedra	tW	0.080821
altos_de_piedra	tW	0.225063
altos_de_piedra	tW	0.585968
altos_de_piedra	tW	0.913666
altos_de_piedra	tW	1.013317
altos_de_piedra	tW	0.338824
altos_de_piedra	tW	0
altos_de_piedra	tW	0.320924
altos_de_piedra	tW	0.289695
altos_de_piedra	tW	0.667765
altos_de_piedra	tW	0.670594
altos_de_piedra	tW	0.329403
altos_de_piedra	tW	0.761594
altos_de_piedra	tW	0.044554
altos_de_piedra	tW	0.315349
altos_de_piedra	tW	0.332006
altos_de_piedra	tW	0.290738
altos_de_piedra	tW	0.446715
altos_de_piedra	tW	0.251979
altos_de_piedra	tW	0.040763
altos_de_piedra	tW	0.62739
altos_de_piedra	tW	0.336535
altos_de_piedra	tW	0.308454
altos_de_piedra	tW	0.221942
altos_de_piedra	tW	0.334365
altos_de_piedra	tW	1.140016
altos_de_piedra	tW	0.049045
altos_de_piedra	tW	0.489142
altos_de_piedra	tW	0.195605
altos_de_piedra	tW	0.31025199999999997
altos_de_piedra	tW	0.805469
altos_de_piedra	tW	0.035668
altos_de_piedra	tW	0.153144
altos_de_piedra	tW	0.291606
altos_de_piedra	tW	0.143754
altos_de_piedra	tW	0.427911
altos_de_piedra	tW	0.290736
altos_de_piedra	tW	0.049296
altos_de_piedra	tW	0.144259
altos_de_piedra	tW	0.058799
altos_de_piedra	tW	0.622802
altos_de_piedra	tW	0.675774
altos_de_piedra	tW	0.036305
altos_de_piedra	tW	0.518714
altos_de_piedra	tW	0.387593
altos_de_piedra	tW	0.014286
altos_de_piedra	tW	0
altos_de_piedra	tW	0.795415
altos_de_piedra	tW	0.089055
altos_de_piedra	tW	0.120666
altos_de_piedra	tW	0.872238
altos_de_piedra	tW	0.300813
altos_de_piedra	tW	0
altos_de_piedra	tW	0.661626
altos_de_piedra	tW	0.750598
altos_de_piedra	tW	0.581589
altos_de_piedra	tW	0.333728
altos_de_piedra	tW	0.543914
altos_de_piedra	tW	0.073762
altos_de_piedra	tW	0.10271
altos_de_piedra	tW	0.581727
altos_de_piedra	tW	0.532745
altos_de_piedra	tW	0.261629
altos_de_piedra	tW	0.806923
altos_de_piedra	tW	4.3e-4
altos_de_piedra	tW	0.8794
altos_de_piedra	tW	0.42064
altos_de_piedra	tW	0.725204
altos_de_piedra	tW	0.050139
altos_de_piedra	tW	0.682385
altos_de_piedra	tW	0.632489
altos_de_piedra	tW	1.166859
altos_de_piedra	tW	0.671722
altos_de_piedra	tW	0.37674
altos_de_piedra	tW	0.301812
altos_de_piedra	tW	0.251554
altos_de_piedra	tW	0.677687
altos_de_piedra	tW	0.730761
altos_de_piedra	tW	0.437765
altos_de_piedra	tW	1.322015
altos_de_piedra	tW	0.413313
altos_de_piedra	tW	0.260323
altos_de_piedra	tW	0.401724
altos_de_piedra	tW	0.239652
altos_de_piedra	tW	0.595644
altos_de_piedra	tW	0.41302
altos_de_piedra	tW	0.917393
altos_de_piedra	tW	1.538327
altos_de_piedra	tW	0.343931
altos_de_piedra	tW	0.167015
altos_de_piedra	tW	0.189305
altos_de_piedra	tW	0.262574
altos_de_piedra	tW	0.048088
altos_de_piedra	tW	0.976472
altos_de_piedra	tW	0.850154
altos_de_piedra	tW	0.119143
altos_de_piedra	tW	0.083387
altos_de_piedra	tW	0.078897
altos_de_piedra	tW	0.893466
altos_de_piedra	tW	0.694795
altos_de_piedra	tW	1.574118
altos_de_piedra	tW	0.290735
altos_de_piedra	tW	0.558426
altos_de_piedra	tW	0.628076
altos_de_piedra	tW	0.330096
altos_de_piedra	tW	0.084407
altos_de_piedra	tW	0.092367
altos_de_piedra	tW	0.581493
altos_de_piedra	tW	0.16958
altos_de_piedra	tW	0
altos_de_piedra	tW	0
barrett_basin	tW	2.348063
barrett_basin	tW	1.315965
barrett_basin	tW	0.903811
barrett_basin	tW	1.781795
barrett_basin	tW	1.543917
barrett_basin	tW	2.497599
barrett_basin	tW	2.254361
barrett_basin	tW	2.105387
barrett_basin	tW	1.214767
barrett_basin	tW	2.110102
barrett_basin	tW	1.117007
barrett_basin	tW	1.600122
barrett_basin	tW	2.035163
barrett_basin	tW	1.852967
barrett_basin	tW	1.741266
barrett_basin	tW	1.620904
barrett_basin	tW	2.843649
barrett_basin	tW	1.652163
barrett_basin	tW	1.629725
barrett_basin	tW	1.265955
barrett_basin	tW	1.205898
barrett_basin	tW	2.25923
barrett_basin	tW	1.655005
barrett_basin	tW	2.588798
barrett_basin	tW	1.62025
barrett_basin	tW	1.679702
barrett_basin	tW	2.694461
barrett_basin	tW	0.344768
barrett_basin	tW	1.893418
barrett_basin	tW	2.224225
barrett_basin	tW	1.295638
barrett_basin	tW	1.197131
barrett_basin	tW	1.140352
barrett_basin	tW	1.268322
barrett_basin	tW	1.033639
barrett_basin	tW	2.001592
barrett_basin	tW	2.1751
barrett_basin	tW	2.614409
barrett_basin	tW	1.194175
barrett_basin	tW	1.758393
barrett_basin	tW	0.661938
barrett_basin	tW	1.400939
barrett_basin	tW	0.92055
barrett_basin	tW	2.27666
barrett_basin	tW	1.530553
barrett_basin	tW	1.987634
barrett_basin	tW	2.058412
barrett_basin	tW	1.097559
barrett_basin	tW	2.26899
barrett_basin	tW	1.286151
barrett_basin	tW	1.163517
barrett_basin	tW	2.526806
barrett_basin	tW	0.996746
barrett_basin	tW	1.523446
barrett_basin	tW	1.075752
barrett_basin	tW	2.41665
barrett_basin	tW	1.890234
barrett_basin	tW	2.061396
barrett_basin	tW	2.572195
barrett_basin	tW	1.281037
barrett_basin	tW	1.503059
barrett_basin	tW	1.900485
barrett_basin	tW	2.406692
barrett_basin	tW	1.895446
barrett_basin	tW	1.674143
barrett_basin	tW	1.980752
barrett_basin	tW	1.861788
barrett_basin	tW	1.711324
barrett_basin	tW	1.8537
barrett_basin	tW	2.156515
barrett_basin	tW	2.22399
barrett_basin	tW	2.194611
barrett_basin	tW	2.40595
barrett_basin	tW	1.389236
barrett_basin	tW	2.026138
barrett_basin	tW	1.396909
barrett_basin	tW	3.155538
barrett_basin	tW	0.716024
barrett_basin	tW	2.286914
barrett_basin	tW	2.206394
barrett_basin	tW	1.386224
barrett_basin	tW	1.94571
barrett_basin	tW	0.670505
barrett_basin	tW	1.645978
barrett_basin	tW	1.054494
barrett_basin	tW	1.297017
barrett_basin	tW	2.085223
barrett_basin	tW	1.43825
barrett_basin	tW	1.853729
barrett_basin	tW	1.321404
barrett_basin	tW	2.466054
barrett_basin	tW	1.364326
barrett_basin	tW	2.26517
barrett_basin	tW	1.893154
barrett_basin	tW	2.658367
barrett_basin	tW	1.864818
barrett_basin	tW	1.230617
barrett_basin	tW	1.62851
barrett_basin	tW	1.537687
barrett_basin	tW	1.350038
barrett_basin	tW	2.431322
barrett_basin	tW	0.360662
barrett_basin	tW	0.608641
barrett_basin	tW	1.613621
barrett_basin	tW	0.571636
barrett_basin	tW	2.005815
barrett_basin	tW	1.326926
barrett_basin	tW	0.904721
barrett_basin	tW	2.104025
barrett_basin	tW	1.404564
barrett_basin	tW	2.882661
barrett_basin	tW	2.03385
barrett_basin	tW	1.281853
barrett_basin	tW	2.221035
barrett_basin	tW	1.126606
barrett_basin	tW	2.179617
barrett_basin	tW	0.845967
barrett_basin	tW	1.273778
barrett_basin	tW	2.5158
barrett_basin	tW	3.633556
barrett_basin	tW	1.390801
barrett_basin	tW	1.372077
barrett_basin	tW	2.164523
barrett_basin	tW	2.074552
barrett_basin	tW	2.293618
barrett_basin	tW	1.33964
barrett_basin	tW	1.036963
barrett_basin	tW	1.923286
barrett_basin	tW	2.129198
barrett_basin	tW	0.879795
barrett_basin	tW	2.196932
barrett_basin	tW	1.990719
barrett_basin	tW	1.958864
barrett_basin	tW	3.309098
barrett_basin	tW	1.390333
barrett_basin	tW	1.332735
barrett_basin	tW	2.000186
barrett_basin	tW	2.93803
barrett_basin	tW	1.312113
barrett_basin	tW	1.918121
barrett_basin	tW	2.005414
barrett_basin	tW	0.407575
barrett_basin	tW	1.18423
barrett_basin	tW	2.546665
barrett_basin	tW	1.928276
barrett_basin	tW	1.266673
barrett_basin	tW	2.507584
barrett_basin	tW	1.735226
barrett_basin	tW	1.293668
barrett_basin	tW	1.419813
barrett_basin	tW	1.206725
barrett_basin	tW	1.374325
barrett_basin	tW	1.506986
barrett_basin	tW	1.3803
barrett_basin	tW	1.563703
barrett_basin	tW	0.816493
barrett_basin	tW	1.199663
barrett_basin	tW	1.429965
cerro_negro	tW	0.092576
cerro_negro	tW	1.199966
cerro_negro	tW	1.155962
cerro_negro	tW	0.154226
cerro_negro	tW	0.568257
cerro_negro	tW	0.578752
cerro_negro	tW	0.584457
cerro_negro	tW	0.074575
cerro_negro	tW	0.953174
cerro_negro	tW	0.268083
cerro_negro	tW	0.846937
cerro_negro	tW	0.310573
cerro_negro	tW	0.433809
cerro_negro	tW	0.416548
cerro_negro	tW	0.679156
cerro_negro	tW	0.576595
cerro_negro	tW	0.892239
cerro_negro	tW	0.355665
cerro_negro	tW	0.729961
cerro_negro	tW	0.074845
cerro_negro	tW	0.897136
cerro_negro	tW	0.831483
cerro_negro	tW	0.545319
cerro_negro	tW	0.531258
cerro_negro	tW	0.61425
cerro_negro	tW	0.093861
cerro_negro	tW	0.387833
cerro_negro	tW	0.302153
cerro_negro	tW	0.984476
cerro_negro	tW	0.663762
cerro_negro	tW	0.339704
cerro_negro	tW	1.146929
cerro_negro	tW	0.546444
cerro_negro	tW	0.928369
cerro_negro	tW	0.884003
cerro_negro	tW	0.089016
cerro_negro	tW	0.683411
cerro_negro	tW	0.044887
cerro_negro	tW	0.834154
cerro_negro	tW	0.037184
cerro_negro	tW	0.292821
cerro_negro	tW	0.328767
cerro_negro	tW	0.369213
cerro_negro	tW	2.250953
cerro_negro	tW	0.069432
cerro_negro	tW	0.576877
cerro_negro	tW	0.312665
cerro_negro	tW	0.805639
cerro_negro	tW	0.535035
cerro_negro	tW	2.018052
cerro_negro	tW	0.311933
cerro_negro	tW	0.361007
cerro_negro	tW	0.626003
cerro_negro	tW	0.267811
cerro_negro	tW	0.382882
cerro_negro	tW	0.117014
cerro_negro	tW	1.193455
cerro_negro	tW	0.077789
cerro_negro	tW	0.047763
cerro_negro	tW	0.852024
cerro_negro	tW	0.536047
cerro_negro	tW	0.281009
cerro_negro	tW	0.324334
cerro_negro	tW	0.369364
cerro_negro	tW	0.826059
cerro_negro	tW	0.681897
cerro_negro	tW	0.182485
cerro_negro	tW	0.489591
cerro_negro	tW	1.684943
cerro_negro	tW	0.616962
cerro_negro	tW	1.371094
cerro_negro	tW	0.347502
cerro_negro	tW	0.3695
cerro_negro	tW	0.535601
cerro_negro	tW	0.052963
cerro_negro	tW	0.535596
cerro_negro	tW	0.225231
cerro_negro	tW	0.851147
cerro_negro	tW	0.417531
cerro_negro	tW	1.222145
cerro_negro	tW	1.8e-4
cerro_negro	tW	0.776701
cerro_negro	tW	0.415001
cerro_negro	tW	0.842242
cerro_negro	tW	0.551971
cerro_negro	tW	1.336588
cerro_negro	tW	0.08061
cerro_negro	tW	0.711326
cerro_negro	tW	0.587293
cerro_negro	tW	0.548145
cerro_negro	tW	0.169386
cerro_negro	tW	0.847966
cerro_negro	tW	0.331111
cerro_negro	tW	1.293304
cerro_negro	tW	0.802737
cerro_negro	tW	1.147062
cerro_negro	tW	0.139377
cerro_negro	tW	0.084123
cerro_negro	tW	0.35841
cerro_negro	tW	0.523621
cerro_negro	tW	0.502591
cerro_negro	tW	0.803526
cerro_negro	tW	1.357248
cerro_negro	tW	0.192851
cerro_negro	tW	0.585549
cerro_negro	tW	0.199652
cerro_negro	tW	0.17971
cerro_negro	tW	0.463589
cerro_negro	tW	0.948258
cerro_negro	tW	0.413656
cerro_negro	tW	0.001909
cerro_negro	tW	0.616088
cerro_negro	tW	0.267859
cerro_negro	tW	0.409971
cerro_negro	tW	3.7e-5
cerro_negro	tW	0.929916
cerro_negro	tW	0.850158
cerro_negro	tW	1.104986
cerro_negro	tW	0.988783
cerro_negro	tW	1.070041
cerro_negro	tW	0.618788
cerro_negro	tW	0.603468
cerro_negro	tW	0.865717
cerro_negro	tW	0.041033
cerro_negro	tW	0.670581
cerro_negro	tW	0.69321
cerro_negro	tW	0.829259
cerro_negro	tW	1.487454
cerro_negro	tW	0.905619
cerro_negro	tW	0.446963
cerro_negro	tW	0.269005
cerro_negro	tW	0.131543
cerro_negro	tW	0.449943
cerro_negro	tW	1.274881
cerro_negro	tW	0.103988
cerro_negro	tW	0.368079
cerro_negro	tW	0.177317
cerro_negro	tW	0.892389
cerro_negro	tW	0.214333
cerro_negro	tW	0.4481
cerro_negro	tW	0.861597
cerro_negro	tW	0.844065
cerro_negro	tW	1.197046
cerro_negro	tW	0.646331
cerro_negro	tW	0.403223
cerro_negro	tW	0.840265
cerro_negro	tW	0.579494
cerro_negro	tW	1.194931
cerro_negro	tW	1.87531
cerro_negro	tW	0.575822
cerro_negro	tW	0.410651
cerro_negro	tW	0.851127
cerro_negro	tW	1.133473
cerro_negro	tW	0.316999
cerro_negro	tW	0.946436
cerro_negro	tW	0.675162
cerro_negro	tW	0.383239
cerro_negro	tW	0.26779
cerro_negro	tW	0.327172
cerro_negro	tW	0.38255
cerro_negro	tW	0.348792
cerro_negro	tW	0.83965
cerro_negro	tW	0.976635
cerro_negro	tW	1.344975
cerro_negro	tW	0.435884
cerro_negro	tW	0.200417
cerro_negro	tW	0.291901
cerro_negro	tW	0.146052
cerro_negro	tW	0.316871
cerro_negro	tW	0.919317
cerro_negro	tW	0.629438
cerro_negro	tW	0.130858
cerro_negro	tW	0.118969
cerro_negro	tW	0.267932
cerro_negro	tW	0.282303
cerro_negro	tW	1.387025
cerro_negro	tW	0.575785
cerro_negro	tW	0.309636
cerro_negro	tW	0.26843
cerro_negro	tW	0.614042
cerro_negro	tW	0.687243
cerro_negro	tW	0.097817
cerro_negro	tW	0.267788
cerro_negro	tW	0.445021
cerro_negro	tW	0
cerro_negro	tW	0.256396
conness_pond	tW	1.969223
conness_pond	tW	1.577502
conness_pond	tW	1.952308
conness_pond	tW	0.535572
conness_pond	tW	1.916946
conness_pond	tW	2.244784
conness_pond	tW	0.9611
conness_pond	tW	1.275961
conness_pond	tW	0.839765
conness_pond	tW	1.25274
conness_pond	tW	1.141949
conness_pond	tW	1.368062
conness_pond	tW	0.792546
conness_pond	tW	1.041033
conness_pond	tW	2.068574
conness_pond	tW	1.101408
conness_pond	tW	2.102854
conness_pond	tW	1.819733
conness_pond	tW	1.350346
conness_pond	tW	1.225601
conness_pond	tW	0.835064
conness_pond	tW	0.409903
conness_pond	tW	2.346189
conness_pond	tW	1.17936
conness_pond	tW	1.329054
conness_pond	tW	0.409558
conness_pond	tW	0.803384
conness_pond	tW	1.094721
conness_pond	tW	1.852943
conness_pond	tW	0.68495
conness_pond	tW	1.367251
conness_pond	tW	1.809662
conness_pond	tW	1.433133
conness_pond	tW	0.922112
conness_pond	tW	0.947942
conness_pond	tW	1.354312
conness_pond	tW	1.187213
conness_pond	tW	0.72479
conness_pond	tW	0.280012
conness_pond	tW	1.085475
conness_pond	tW	1.194901
conness_pond	tW	0.955048
conness_pond	tW	3.17344
conness_pond	tW	1.151065
conness_pond	tW	1.648898
conness_pond	tW	0.464971
conness_pond	tW	0.839554
conness_pond	tW	0.799975
conness_pond	tW	2.396693
conness_pond	tW	0.083234
conness_pond	tW	0.509986
conness_pond	tW	1.874902
conness_pond	tW	0.525351
conness_pond	tW	1.224825
conness_pond	tW	1.771673
conness_pond	tW	1.33642
conness_pond	tW	0.795244
conness_pond	tW	2.251445
conness_pond	tW	1.512658
conness_pond	tW	0.662388
conness_pond	tW	1.267185
conness_pond	tW	1.322318
conness_pond	tW	1.536581
conness_pond	tW	1.685519
conness_pond	tW	1.372083
conness_pond	tW	0.660889
conness_pond	tW	1.611199
conness_pond	tW	2.105382
conness_pond	tW	1.150132
conness_pond	tW	1.363317
conness_pond	tW	1.275682
conness_pond	tW	0.787959
conness_pond	tW	1.604717
conness_pond	tW	1.623655
conness_pond	tW	0.88348
conness_pond	tW	0.84412
conness_pond	tW	2.284946
conness_pond	tW	1.799907
conness_pond	tW	1.945628
conness_pond	tW	0.267822
conness_pond	tW	1.926146
conness_pond	tW	1.027489
conness_pond	tW	1.323412
conness_pond	tW	1.07388
conness_pond	tW	1.416743
conness_pond	tW	0.470123
conness_pond	tW	0.752175
conness_pond	tW	1.607706
conness_pond	tW	1.871784
conness_pond	tW	1.502509
conness_pond	tW	0.54487
conness_pond	tW	1.554988
conness_pond	tW	0.910625
conness_pond	tW	0.895588
conness_pond	tW	0.937955
conness_pond	tW	0.43007
conness_pond	tW	0.786754
conness_pond	tW	1.99904
conness_pond	tW	0.977294
conness_pond	tW	0.80439
conness_pond	tW	1.230762
conness_pond	tW	1.860644
conness_pond	tW	2.9783
conness_pond	tW	2.375094
conness_pond	tW	0.627015
conness_pond	tW	2.169016
conness_pond	tW	1.175995
conness_pond	tW	1.321944
conness_pond	tW	0.619099
conness_pond	tW	0.093904
conness_pond	tW	1.689925
conness_pond	tW	2.441101
conness_pond	tW	0.511275
conness_pond	tW	3.384855
conness_pond	tW	1.188234
conness_pond	tW	1.303599
conness_pond	tW	0.535577
conness_pond	tW	2.013821
conness_pond	tW	0.813137
conness_pond	tW	1.023787
conness_pond	tW	1.889933
conness_pond	tW	1.108358
conness_pond	tW	2.594936
conness_pond	tW	1.707264
conness_pond	tW	0.735945
conness_pond	tW	0.744335
conness_pond	tW	0.803496
conness_pond	tW	1.339275
conness_pond	tW	1.482709
conness_pond	tW	0.83025
conness_pond	tW	1.741005
conness_pond	tW	1.532987
conness_pond	tW	1.49943
conness_pond	tW	3.1622
conness_pond	tW	0.87603
conness_pond	tW	2.165533
conness_pond	tW	2.14003
conness_pond	tW	2.140271
conness_pond	tW	2.501738
conness_pond	tW	2.240841
conness_pond	tW	1.283378
conness_pond	tW	1.60836
conness_pond	tW	1.9459090000000001
conness_pond	tW	0.532912
conness_pond	tW	1.055221
conness_pond	tW	2.833001
conness_pond	tW	2.14591
conness_pond	tW	1.520936
conness_pond	tW	1.144968
conness_pond	tW	2.67764
conness_pond	tW	0.533868
conness_pond	tW	1.618393
conness_pond	tW	0.993876
conness_pond	tW	1.558244
conness_pond	tW	1.334691
conness_pond	tW	1.587131
conness_pond	tW	1.094463
conness_pond	tW	2.232553
conness_pond	tW	0.492315
conness_pond	tW	0.973799
conness_pond	tW	0.99425
conness_pond	tW	0.592703
conness_pond	tW	0.883389
conness_pond	tW	0.383181
conness_pond	tW	1.003189
conness_pond	tW	0.58026
conness_pond	tW	2.072671
conness_pond	tW	1.06861
conness_pond	tW	0.396486
conness_pond	tW	1.281573
conness_pond	tW	1.06572
conness_pond	tW	0.267863
conness_pond	tW	1.036369
conness_pond	tW	1.095208
conness_pond	tW	1.254139
conness_pond	tW	0.784336
conness_pond	tW	0.775271
devils_crag_basin	tW	1.565799
devils_crag_basin	tW	1.538271
devils_crag_basin	tW	1.272177
devils_crag_basin	tW	0.001022
devils_crag_basin	tW	0.52066
devils_crag_basin	tW	1.98647
devils_crag_basin	tW	2.130299
devils_crag_basin	tW	0.772088
devils_crag_basin	tW	1.505048
devils_crag_basin	tW	0.692632
devils_crag_basin	tW	1.661802
devils_crag_basin	tW	1.803823
devils_crag_basin	tW	1.009232
devils_crag_basin	tW	1.770867
devils_crag_basin	tW	1.446313
devils_crag_basin	tW	3.130041
devils_crag_basin	tW	1.676559
devils_crag_basin	tW	1.928481
devils_crag_basin	tW	1.6335
devils_crag_basin	tW	1.225999
devils_crag_basin	tW	1.206607
devils_crag_basin	tW	0.486389
devils_crag_basin	tW	1.910874
devils_crag_basin	tW	1.338173
devils_crag_basin	tW	1.804618
devils_crag_basin	tW	1.469626
devils_crag_basin	tW	0.74477
devils_crag_basin	tW	0.464831
devils_crag_basin	tW	3.041333
devils_crag_basin	tW	1.997015
devils_crag_basin	tW	1.452484
devils_crag_basin	tW	0.243047
devils_crag_basin	tW	1.094522
devils_crag_basin	tW	1.06318
devils_crag_basin	tW	0.214084
devils_crag_basin	tW	1.775766
devils_crag_basin	tW	0.806307
devils_crag_basin	tW	0.012847
devils_crag_basin	tW	0.954505
devils_crag_basin	tW	0.655591
devils_crag_basin	tW	1.140709
devils_crag_basin	tW	1.052639
devils_crag_basin	tW	0.982142
devils_crag_basin	tW	0.842263
devils_crag_basin	tW	0.73961
devils_crag_basin	tW	0.675833
devils_crag_basin	tW	0.003947
devils_crag_basin	tW	2.3652860000000002
devils_crag_basin	tW	0.234155
devils_crag_basin	tW	1.658787
devils_crag_basin	tW	0.534295
devils_crag_basin	tW	0.464229
devils_crag_basin	tW	0.994322
devils_crag_basin	tW	4.59e-4
devils_crag_basin	tW	1.094213
devils_crag_basin	tW	0.204886
devils_crag_basin	tW	1.590785
devils_crag_basin	tW	0.366615
devils_crag_basin	tW	1.262731
devils_crag_basin	tW	0.464673
devils_crag_basin	tW	1.941732
devils_crag_basin	tW	1.440025
devils_crag_basin	tW	1.406752
devils_crag_basin	tW	0.82228
devils_crag_basin	tW	1.406052
devils_crag_basin	tW	1.431138
devils_crag_basin	tW	0.853911
devils_crag_basin	tW	1.010151
devils_crag_basin	tW	0.479738
devils_crag_basin	tW	0.602409
devils_crag_basin	tW	0.975867
devils_crag_basin	tW	0.806544
devils_crag_basin	tW	0.648098
devils_crag_basin	tW	1.531562
devils_crag_basin	tW	1.99203
devils_crag_basin	tW	0.713221
devils_crag_basin	tW	0.589448
devils_crag_basin	tW	3.279451
devils_crag_basin	tW	0.516191
devils_crag_basin	tW	1.28331
devils_crag_basin	tW	0.759182
devils_crag_basin	tW	3.064058
devils_crag_basin	tW	1.150202
devils_crag_basin	tW	0.445751
devils_crag_basin	tW	1.708979
devils_crag_basin	tW	2.437266
devils_crag_basin	tW	0.939283
devils_crag_basin	tW	1.899257
devils_crag_basin	tW	1.178531
devils_crag_basin	tW	1.001945
devils_crag_basin	tW	0.998174
devils_crag_basin	tW	1.00874
devils_crag_basin	tW	0.610514
devils_crag_basin	tW	1.580527
devils_crag_basin	tW	0.761796
devils_crag_basin	tW	1.941597
devils_crag_basin	tW	0.444633
devils_crag_basin	tW	0.935756
devils_crag_basin	tW	0.822735
devils_crag_basin	tW	1.011555
devils_crag_basin	tW	0.77173
devils_crag_basin	tW	0.735732
devils_crag_basin	tW	1.438075
devils_crag_basin	tW	1.123488
devils_crag_basin	tW	2.808747
devils_crag_basin	tW	2.02876
devils_crag_basin	tW	0.990414
devils_crag_basin	tW	1.557241
devils_crag_basin	tW	1.993772
devils_crag_basin	tW	1.254386
devils_crag_basin	tW	0.368376
devils_crag_basin	tW	0.490332
devils_crag_basin	tW	1.286411
devils_crag_basin	tW	1.496214
devils_crag_basin	tW	1.113783
devils_crag_basin	tW	0.912768
devils_crag_basin	tW	0.841697
devils_crag_basin	tW	1.134712
devils_crag_basin	tW	0.232506
devils_crag_basin	tW	1.691288
devils_crag_basin	tW	0.4661
devils_crag_basin	tW	0.268002
devils_crag_basin	tW	0.561923
devils_crag_basin	tW	1.66525
devils_crag_basin	tW	1.273698
devils_crag_basin	tW	0.988192
devils_crag_basin	tW	1.952951
devils_crag_basin	tW	1.010943
devils_crag_basin	tW	0.797351
devils_crag_basin	tW	0.670741
devils_crag_basin	tW	0.554849
devils_crag_basin	tW	0.533174
devils_crag_basin	tW	1.231994
devils_crag_basin	tW	1.745987
devils_crag_basin	tW	1.454992
devils_crag_basin	tW	1.825639
devils_crag_basin	tW	1.131376
devils_crag_basin	tW	1.825306
devils_crag_basin	tW	1.766386
devils_crag_basin	tW	1.052523
devils_crag_basin	tW	1.183462
devils_crag_basin	tW	1.010248
devils_crag_basin	tW	0.64662
devils_crag_basin	tW	1.918852
devils_crag_basin	tW	1.327025
devils_crag_basin	tW	1.716689
devils_crag_basin	tW	1.464571
devils_crag_basin	tW	0.746182
devils_crag_basin	tW	1.035616
devils_crag_basin	tW	0.87041
devils_crag_basin	tW	1.674242
devils_crag_basin	tW	2.093108
devils_crag_basin	tW	2.134165
devils_crag_basin	tW	1.009412
devils_crag_basin	tW	0.446112
devils_crag_basin	tW	0.371081
devils_crag_basin	tW	1.080892
devils_crag_basin	tW	1.011147
devils_crag_basin	tW	1.180362
devils_crag_basin	tW	0.8694
devils_crag_basin	tW	1.878973
devils_crag_basin	tW	1.661325
devils_crag_basin	tW	2.144387
devils_crag_basin	tW	1.342007
devils_crag_basin	tW	0.758487
devils_crag_basin	tW	1.142015
devils_crag_basin	tW	1.366109
devils_crag_basin	tW	1.146324
devils_crag_basin	tW	0.775402
devils_crag_basin	tW	0.269549
devils_crag_basin	tW	0.333819
devils_crag_basin	tW	1.171623
devils_crag_basin	tW	1.025918
devils_crag_basin	tW	2.198889
devils_crag_basin	tW	0.258786
devils_crag_basin	tW	0.973347
devils_crag_basin	tW	0.234847
devils_crag_basin	tW	1.400028
devils_crag_basin	tW	0.694578
devils_crag_basin	tW	0.72892
devils_crag_basin	tW	1.632462
devils_crag_basin	tW	0.351589
devils_crag_basin	tW	0.289726
devils_crag_basin	tW	0.519675
el_cope	tW	0.341747
el_cope	tW	1.262767
el_cope	tW	1.544932
el_cope	tW	0.252954
el_cope	tW	0.64032
el_cope	tW	0.5198
el_cope	tW	0.356652
el_cope	tW	0.324129
el_cope	tW	0.88993
el_cope	tW	0.323399
el_cope	tW	0.523051
el_cope	tW	1.051975
el_cope	tW	0.347197
el_cope	tW	1.246365
el_cope	tW	0.323666
el_cope	tW	2.866107
el_cope	tW	1.145
el_cope	tW	0.570822
el_cope	tW	0.503947
el_cope	tW	0.709718
el_cope	tW	1.753209
el_cope	tW	0.773744
el_cope	tW	0.38134
el_cope	tW	0.93017
el_cope	tW	1.206351
el_cope	tW	1.009551
el_cope	tW	0.647521
el_cope	tW	0.082599
el_cope	tW	0.662488
el_cope	tW	1.272645
el_cope	tW	1.310203
el_cope	tW	0.914424
el_cope	tW	0.382036
el_cope	tW	0.572988
el_cope	tW	1.106948
el_cope	tW	0.998949
el_cope	tW	1.121852
el_cope	tW	0.396662
el_cope	tW	0.286553
el_cope	tW	0.524146
el_cope	tW	0.60043
el_cope	tW	1.277283
el_cope	tW	0.589475
el_cope	tW	1.356293
el_cope	tW	1.879649
el_cope	tW	0.560391
el_cope	tW	1.185781
el_cope	tW	1.057874
el_cope	tW	0.415519
el_cope	tW	2.294904
el_cope	tW	0.618024
el_cope	tW	0.254393
el_cope	tW	2.25818
el_cope	tW	0.17253
el_cope	tW	0.38824
el_cope	tW	0.178371
el_cope	tW	0.376509
el_cope	tW	0.962378
el_cope	tW	0.156488
el_cope	tW	0.610822
el_cope	tW	0.551197
el_cope	tW	0.647439
el_cope	tW	0.821006
el_cope	tW	1.472387
el_cope	tW	0.894248
el_cope	tW	1.073534
el_cope	tW	1.196074
el_cope	tW	0.574326
el_cope	tW	1.2445600000000001
el_cope	tW	0.588978
el_cope	tW	0.81303
el_cope	tW	1.07344
el_cope	tW	0.219563
el_cope	tW	2.288715
el_cope	tW	0.038918
el_cope	tW	0.327986
el_cope	tW	0.266412
el_cope	tW	0.428896
el_cope	tW	1.660347
el_cope	tW	1.864707
el_cope	tW	0.273734
el_cope	tW	0.780499
el_cope	tW	0.732944
el_cope	tW	0.598105
el_cope	tW	0.855688
el_cope	tW	1.051399
el_cope	tW	0.257067
el_cope	tW	0.493594
el_cope	tW	0.740854
el_cope	tW	0.64746
el_cope	tW	0.690162
el_cope	tW	0.831188
el_cope	tW	0.410992
el_cope	tW	0.829246
el_cope	tW	0.193177
el_cope	tW	2.003139
el_cope	tW	1.388548
el_cope	tW	1.496681
el_cope	tW	0.65681
el_cope	tW	0.384476
el_cope	tW	0.680857
el_cope	tW	0.322051
el_cope	tW	2.971007
el_cope	tW	0.509803
el_cope	tW	1.510642
el_cope	tW	1.368675
el_cope	tW	0.385705
el_cope	tW	0.855148
el_cope	tW	0.879734
el_cope	tW	0.409069
el_cope	tW	1.701079
el_cope	tW	0.265663
el_cope	tW	0.53632
el_cope	tW	0.832984
el_cope	tW	0.384053
el_cope	tW	0.851782
el_cope	tW	0.966224
el_cope	tW	0.743011
el_cope	tW	0.797194
el_cope	tW	0.470458
el_cope	tW	0.370187
el_cope	tW	0.584
el_cope	tW	0.526971
el_cope	tW	0.806434
el_cope	tW	0.827611
el_cope	tW	1.044253
el_cope	tW	0.484375
el_cope	tW	0.498621
el_cope	tW	0.954168
el_cope	tW	1.093749
el_cope	tW	0.491461
el_cope	tW	1.19059
el_cope	tW	0.819244
el_cope	tW	0.591228
el_cope	tW	1.583843
el_cope	tW	0.408894
el_cope	tW	0.982613
el_cope	tW	1.258882
el_cope	tW	0.760159
el_cope	tW	0.336247
el_cope	tW	0.457009
el_cope	tW	0.882058
el_cope	tW	1.224585
el_cope	tW	0.279969
el_cope	tW	0.353484
el_cope	tW	0.708933
el_cope	tW	0.410048
el_cope	tW	1.469278
el_cope	tW	1.775226
el_cope	tW	0.655622
el_cope	tW	0.637498
el_cope	tW	1.431726
el_cope	tW	2.14594
el_cope	tW	0.337388
el_cope	tW	1.125593
el_cope	tW	1.372003
el_cope	tW	1.792555
el_cope	tW	0.392381
el_cope	tW	0.489374
el_cope	tW	0.449867
el_cope	tW	0.922946
el_cope	tW	0.684701
el_cope	tW	1.765429
el_cope	tW	0.988743
el_cope	tW	0.71808399999999994
el_cope	tW	0.343009
el_cope	tW	0.603346
el_cope	tW	0.858533
el_cope	tW	0.389145
el_cope	tW	0.621473
el_cope	tW	0.277
el_cope	tW	0.698813
el_cope	tW	0.617648
el_cope	tW	2.306396
el_cope	tW	0.983575
el_cope	tW	2.152814
el_cope	tW	0.132524
el_cope	tW	1.43291
el_cope	tW	0.360682
el_cope	tW	0.535536
el_cope	tW	0.728578
el_cope	tW	0.727021
el_cope	tW	0.660338
el_cope	tW	0.312982
el_cope	tW	0.224738
el_cope	tW	0.057848
el_valle_s	tW	0.451373
el_valle_s	tW	0.419576
el_valle_s	tW	1.113912
el_valle_s	tW	0.002581
el_valle_s	tW	0.463849
el_valle_s	tW	0.206361
el_valle_s	tW	0.5286
el_valle_s	tW	0.176014
el_valle_s	tW	0.548576
el_valle_s	tW	0.182083
el_valle_s	tW	0.562882
el_valle_s	tW	0.52343
el_valle_s	tW	0.533141
el_valle_s	tW	0.398254
el_valle_s	tW	0.71879
el_valle_s	tW	0.396669
el_valle_s	tW	1.767004
el_valle_s	tW	0.361933
el_valle_s	tW	0.652146
el_valle_s	tW	0.083121
el_valle_s	tW	0.369252
el_valle_s	tW	0.350004
el_valle_s	tW	0.209396
el_valle_s	tW	1.13108
el_valle_s	tW	1.504494
el_valle_s	tW	0.221535
el_valle_s	tW	0.165392
el_valle_s	tW	0.125047
el_valle_s	tW	0.108607
el_valle_s	tW	0.390188
el_valle_s	tW	0.083071999999999993
el_valle_s	tW	0.557514
el_valle_s	tW	0.807559
el_valle_s	tW	0.234572
el_valle_s	tW	0.338156
el_valle_s	tW	0.715106
el_valle_s	tW	1.4067
el_valle_s	tW	0.466794
el_valle_s	tW	4.48e-4
el_valle_s	tW	0.413722
el_valle_s	tW	1.268695
el_valle_s	tW	0.668258
el_valle_s	tW	0.547422
el_valle_s	tW	0.723549
el_valle_s	tW	1e-6
el_valle_s	tW	1.037202
el_valle_s	tW	0.3725
el_valle_s	tW	1.168217
el_valle_s	tW	0.449879
el_valle_s	tW	0.194712
el_valle_s	tW	1e-6
el_valle_s	tW	0.808254
el_valle_s	tW	0.0929
el_valle_s	tW	0.787299
el_valle_s	tW	0.591501
el_valle_s	tW	0.298529
el_valle_s	tW	0.017263
el_valle_s	tW	0.619902
el_valle_s	tW	0.937192
el_valle_s	tW	0.186635
el_valle_s	tW	0.703437
el_valle_s	tW	0.666431
el_valle_s	tW	0.641941
el_valle_s	tW	0.694284
el_valle_s	tW	0.813143
el_valle_s	tW	0.440358
el_valle_s	tW	0.642635
el_valle_s	tW	1.413943
el_valle_s	tW	0.201809
el_valle_s	tW	1.060486
el_valle_s	tW	0.189697
el_valle_s	tW	0.051855
el_valle_s	tW	0.354687
el_valle_s	tW	0.107569
el_valle_s	tW	0.191187
el_valle_s	tW	0.514148
el_valle_s	tW	0.738507
el_valle_s	tW	0.22001
el_valle_s	tW	0.928506
el_valle_s	tW	0.333153
el_valle_s	tW	0.173633
el_valle_s	tW	1.138856
el_valle_s	tW	0.67841
el_valle_s	tW	0.995598
el_valle_s	tW	0.359695
el_valle_s	tW	0.201336
el_valle_s	tW	0.580754
el_valle_s	tW	1.055695
el_valle_s	tW	1.15467
el_valle_s	tW	0.706927
el_valle_s	tW	0.459514
el_valle_s	tW	1e-6
el_valle_s	tW	0.256628
el_valle_s	tW	0.401267
el_valle_s	tW	0.948717
el_valle_s	tW	0.710096
el_valle_s	tW	0.084518
el_valle_s	tW	0.233674
el_valle_s	tW	0.393636
el_valle_s	tW	0.419717
el_valle_s	tW	0.236894
el_valle_s	tW	0.431018
el_valle_s	tW	0.733069
el_valle_s	tW	0.688281
el_valle_s	tW	0.483049
el_valle_s	tW	0
el_valle_s	tW	0.555295
el_valle_s	tW	0.431741
el_valle_s	tW	0.580264
el_valle_s	tW	0.104076
el_valle_s	tW	1.074128
el_valle_s	tW	1.162438
el_valle_s	tW	0.173203
el_valle_s	tW	0.571754
el_valle_s	tW	0.459957
el_valle_s	tW	0.094297
el_valle_s	tW	1.452867
el_valle_s	tW	0.541639
el_valle_s	tW	0.918791
el_valle_s	tW	0.089664
el_valle_s	tW	1.99211
el_valle_s	tW	0.389562
el_valle_s	tW	0.083121
el_valle_s	tW	2.206612
el_valle_s	tW	0.634369
el_valle_s	tW	0.786657
el_valle_s	tW	0.095009
el_valle_s	tW	0.353486
el_valle_s	tW	0.540121
el_valle_s	tW	0.422696
el_valle_s	tW	1.053702
el_valle_s	tW	0.694988
el_valle_s	tW	0.671187
el_valle_s	tW	0.41477
el_valle_s	tW	0.5471
el_valle_s	tW	0.097919
el_valle_s	tW	1.830596
el_valle_s	tW	0.893809
el_valle_s	tW	0.232156
el_valle_s	tW	0.214632
el_valle_s	tW	0.412128
el_valle_s	tW	1.060526
el_valle_s	tW	1.283562
el_valle_s	tW	0.902717
el_valle_s	tW	0.665224
el_valle_s	tW	0.270979
el_valle_s	tW	2.342426
el_valle_s	tW	0.552193
el_valle_s	tW	0.147909
el_valle_s	tW	0.69975
el_valle_s	tW	0.518861
el_valle_s	tW	0.468948
el_valle_s	tW	0.853143
el_valle_s	tW	0.532533
el_valle_s	tW	0.441497
el_valle_s	tW	0.374543
el_valle_s	tW	0.714257
el_valle_s	tW	0.933058
el_valle_s	tW	1.188655
el_valle_s	tW	0.978624
el_valle_s	tW	0.709722
el_valle_s	tW	0.233674
el_valle_s	tW	0.322305
el_valle_s	tW	0.44239
el_valle_s	tW	0.443212
el_valle_s	tW	0.778321
el_valle_s	tW	0.453388
el_valle_s	tW	0.453819
el_valle_s	tW	1.520505
el_valle_s	tW	0.441497
el_valle_s	tW	0.185118
el_valle_s	tW	0.438828
el_valle_s	tW	0
el_valle_s	tW	0.090805
el_valle_s	tW	0.218502
el_valle_s	tW	0.794982
el_valle_s	tW	0.561702
el_valle_s	tW	0.108267
el_valle_s	tW	0.35349
leconte_divide	tW	0
leconte_divide	tW	0.125202
leconte_divide	tW	0.377749
leconte_divide	tW	0
leconte_divide	tW	0
leconte_divide	tW	0.028365
leconte_divide	tW	0.348841
leconte_divide	tW	0.016797
leconte_divide	tW	1e-6
leconte_divide	tW	0.706952
leconte_divide	tW	0.689597
leconte_divide	tW	1.34e-4
leconte_divide	tW	0.023382
leconte_divide	tW	0.354296
leconte_divide	tW	0.378831
leconte_divide	tW	0.004396
leconte_divide	tW	0
leconte_divide	tW	1.769597
leconte_divide	tW	0.416142
leconte_divide	tW	0.111975
leconte_divide	tW	0.38795
leconte_divide	tW	0.001356
leconte_divide	tW	0.028782
leconte_divide	tW	0.237414
leconte_divide	tW	0.712958
leconte_divide	tW	1e-6
leconte_divide	tW	0
leconte_divide	tW	0
leconte_divide	tW	0.347386
leconte_divide	tW	0.066677
leconte_divide	tW	0.340463
leconte_divide	tW	0
leconte_divide	tW	8.92e-4
leconte_divide	tW	0.022525
leconte_divide	tW	1.2e-5
leconte_divide	tW	0.657193
leconte_divide	tW	0.007682
leconte_divide	tW	0.351621
leconte_divide	tW	0.01674
leconte_divide	tW	0.697381
leconte_divide	tW	0.03045
leconte_divide	tW	0.062527
leconte_divide	tW	0
leconte_divide	tW	0.001873
leconte_divide	tW	0.001111
leconte_divide	tW	0.706985
leconte_divide	tW	0.353528
leconte_divide	tW	0.627657
leconte_divide	tW	0.707178
leconte_divide	tW	1.422387
leconte_divide	tW	6.4e-5
leconte_divide	tW	0.353486
leconte_divide	tW	0.239201
leconte_divide	tW	0
leconte_divide	tW	0.003538
leconte_divide	tW	0.03191
leconte_divide	tW	0.032839
leconte_divide	tW	0.001075
leconte_divide	tW	2.9e-5
leconte_divide	tW	0
leconte_divide	tW	0.091482
leconte_divide	tW	0.281605
leconte_divide	tW	0.353485
leconte_divide	tW	0.353465
leconte_divide	tW	0.167504
leconte_divide	tW	0.025236
leconte_divide	tW	0.031261
leconte_divide	tW	0
leconte_divide	tW	0.353464
leconte_divide	tW	0.353486
leconte_divide	tW	0
leconte_divide	tW	0.033162
leconte_divide	tW	0.05937
leconte_divide	tW	3e-6
leconte_divide	tW	0.349045
leconte_divide	tW	0.028451
leconte_divide	tW	0.124873
leconte_divide	tW	5.56e-4
leconte_divide	tW	0.737931
leconte_divide	tW	0
leconte_divide	tW	0.027283
leconte_divide	tW	0.03545
leconte_divide	tW	0.025956
leconte_divide	tW	1.061908
leconte_divide	tW	1.767658
leconte_divide	tW	2e-6
leconte_divide	tW	0.378587
leconte_divide	tW	0
leconte_divide	tW	0.174549
leconte_divide	tW	1e-5
leconte_divide	tW	0.353599
leconte_divide	tW	0.366183
leconte_divide	tW	0.010751
leconte_divide	tW	0.388639
leconte_divide	tW	0.014586
leconte_divide	tW	0.334998
leconte_divide	tW	0.036544
leconte_divide	tW	0.028782
leconte_divide	tW	0.026802
leconte_divide	tW	0.353489
leconte_divide	tW	0.071708
leconte_divide	tW	0.483495
leconte_divide	tW	0.445332
leconte_divide	tW	0.02336
leconte_divide	tW	0.067937
leconte_divide	tW	0.001163
leconte_divide	tW	0.355074
leconte_divide	tW	0.03172
leconte_divide	tW	0.073359
leconte_divide	tW	2e-6
leconte_divide	tW	0.392692
leconte_divide	tW	6e-4
leconte_divide	tW	0.706967
leconte_divide	tW	0.355276
leconte_divide	tW	0.160702
leconte_divide	tW	0.355351
leconte_divide	tW	0
leconte_divide	tW	0
leconte_divide	tW	0.065885
leconte_divide	tW	2.24e-4
leconte_divide	tW	1.2e-5
leconte_divide	tW	0
leconte_divide	tW	0.032049
leconte_divide	tW	0.352609
leconte_divide	tW	0.026077
leconte_divide	tW	0.075929
leconte_divide	tW	0.353454
leconte_divide	tW	0
leconte_divide	tW	0.706972
leconte_divide	tW	0
leconte_divide	tW	0.501276
leconte_divide	tW	0.353895
leconte_divide	tW	0.072962
leconte_divide	tW	0.008539
leconte_divide	tW	0.618895
leconte_divide	tW	0.001273
leconte_divide	tW	0.029199
leconte_divide	tW	0.214596
leconte_divide	tW	0.00871
leconte_divide	tW	0.387774
leconte_divide	tW	0.029407
leconte_divide	tW	0.401291
leconte_divide	tW	0.029041
leconte_divide	tW	0.353636
leconte_divide	tW	0.353665
leconte_divide	tW	0.024819
leconte_divide	tW	0.728306
leconte_divide	tW	0.738256
leconte_divide	tW	0.148331
leconte_divide	tW	0.354044
leconte_divide	tW	0.064146
leconte_divide	tW	0.015123
leconte_divide	tW	2.5e-5
leconte_divide	tW	0
leconte_divide	tW	0.141008
leconte_divide	tW	0.024819
leconte_divide	tW	0.353503
leconte_divide	tW	0.029806
leconte_divide	tW	0.356768
leconte_divide	tW	0.355375
leconte_divide	tW	0.676421
leconte_divide	tW	0.042031
leconte_divide	tW	0.26275
leconte_divide	tW	0.004868
leconte_divide	tW	1.060457
leconte_divide	tW	0.628828
leconte_divide	tW	0.030867
leconte_divide	tW	0.027113
leconte_divide	tW	0.025653
leconte_divide	tW	0.353698
leconte_divide	tW	0.074847
leconte_divide	tW	1.095357
leconte_divide	tW	0
leconte_divide	tW	0.025445
leconte_divide	tW	0
leconte_divide	tW	2.75e-4
leconte_divide	tW	0
leconte_divide	tW	2.1e-4
leconte_divide	tW	0.353494
leconte_divide	tW	0.053532
leconte_divide	tW	0.032332
leconte_divide	tW	0.023776
mono_pass	tW	1.055027
mono_pass	tW	0.65061
mono_pass	tW	1.071727
mono_pass	tW	0.425547
mono_pass	tW	2.036799
mono_pass	tW	0.548146
mono_pass	tW	0.900344
mono_pass	tW	0.812612
mono_pass	tW	1.843856
mono_pass	tW	0.516339
mono_pass	tW	1.147233
mono_pass	tW	1.009585
mono_pass	tW	0.532029
mono_pass	tW	0.811728
mono_pass	tW	1.093027
mono_pass	tW	0.710938
mono_pass	tW	1.450165
mono_pass	tW	1.332346
mono_pass	tW	1.324905
mono_pass	tW	1.290541
mono_pass	tW	1.581704
mono_pass	tW	1.034184
mono_pass	tW	1.507676
mono_pass	tW	0.983518
mono_pass	tW	1.385873
mono_pass	tW	0.658493
mono_pass	tW	0.843249
mono_pass	tW	0.363457
mono_pass	tW	2.029675
mono_pass	tW	1.654691
mono_pass	tW	0.650076
mono_pass	tW	1.336909
mono_pass	tW	1.26078
mono_pass	tW	0.805424
mono_pass	tW	0.451667
mono_pass	tW	1.891979
mono_pass	tW	1.069006
mono_pass	tW	1.004677
mono_pass	tW	1.078981
mono_pass	tW	0.698239
mono_pass	tW	0.761629
mono_pass	tW	0.361168
mono_pass	tW	1.255265
mono_pass	tW	1.292106
mono_pass	tW	1.811532
mono_pass	tW	0.465494
mono_pass	tW	0.98109
mono_pass	tW	0.290735
mono_pass	tW	1.860641
mono_pass	tW	0.437574
mono_pass	tW	0.290736
mono_pass	tW	0.473078
mono_pass	tW	0
mono_pass	tW	1.018298
mono_pass	tW	1.838261
mono_pass	tW	0.792804
mono_pass	tW	0.441639
mono_pass	tW	2.237622
mono_pass	tW	0.772455
mono_pass	tW	0.906174
mono_pass	tW	0.751036
mono_pass	tW	1.810592
mono_pass	tW	1.363127
mono_pass	tW	0.71483
mono_pass	tW	0.81926
mono_pass	tW	0.754963
mono_pass	tW	0.872212
mono_pass	tW	0.082171
mono_pass	tW	0.683915
mono_pass	tW	0.448424
mono_pass	tW	1.451498
mono_pass	tW	0.374174
mono_pass	tW	0.771209
mono_pass	tW	1.105378
mono_pass	tW	0.796312
mono_pass	tW	0.448902
mono_pass	tW	1.162961
mono_pass	tW	1.637211
mono_pass	tW	0.709342
mono_pass	tW	0.67099
mono_pass	tW	0.902672
mono_pass	tW	1.156541
mono_pass	tW	1.432365
mono_pass	tW	0.152203
mono_pass	tW	1.502039
mono_pass	tW	1.066198
mono_pass	tW	1.0591
mono_pass	tW	0.564331
mono_pass	tW	0.729477
mono_pass	tW	0.642452
mono_pass	tW	0.529781
mono_pass	tW	1.373897
mono_pass	tW	1.544973
mono_pass	tW	0.829151
mono_pass	tW	0.692459
mono_pass	tW	1.02384
mono_pass	tW	0.73781
mono_pass	tW	1.110279
mono_pass	tW	1.091312
mono_pass	tW	0.191771
mono_pass	tW	0.771229
mono_pass	tW	0.212343
mono_pass	tW	1.033854
mono_pass	tW	0.692732
mono_pass	tW	0.347517
mono_pass	tW	1.09854
mono_pass	tW	1.443584
mono_pass	tW	0.364645
mono_pass	tW	0.863538
mono_pass	tW	0.724812
mono_pass	tW	2.101998
mono_pass	tW	0.843673
mono_pass	tW	0.290735
mono_pass	tW	0.460695
mono_pass	tW	2.060065
mono_pass	tW	1.204538
mono_pass	tW	0.868562
mono_pass	tW	1.023248
mono_pass	tW	1.447751
mono_pass	tW	0.463902
mono_pass	tW	0.449455
mono_pass	tW	0.773325
mono_pass	tW	0.73426
mono_pass	tW	0.66426
mono_pass	tW	0.436782
mono_pass	tW	0.444272
mono_pass	tW	0.943542
mono_pass	tW	1.766147
mono_pass	tW	1.303787
mono_pass	tW	0.788286
mono_pass	tW	2.326253
mono_pass	tW	0.162277
mono_pass	tW	1.379908
mono_pass	tW	0.619434
mono_pass	tW	1.260204
mono_pass	tW	2.021339
mono_pass	tW	1.92326
mono_pass	tW	1.754512
mono_pass	tW	0.909322
mono_pass	tW	1.312159
mono_pass	tW	1.695054
mono_pass	tW	0.879476
mono_pass	tW	0.811005
mono_pass	tW	0.917745
mono_pass	tW	1.156238
mono_pass	tW	0.549995
mono_pass	tW	0.779384
mono_pass	tW	0.447486
mono_pass	tW	0.865137
mono_pass	tW	1.252688
mono_pass	tW	1.230821
mono_pass	tW	0.226495
mono_pass	tW	1.604284
mono_pass	tW	1.334473
mono_pass	tW	1.322164
mono_pass	tW	1.05696
mono_pass	tW	0.386275
mono_pass	tW	0.96153
mono_pass	tW	0.910632
mono_pass	tW	0.954053
mono_pass	tW	0.385263
mono_pass	tW	1.190141
mono_pass	tW	0.772985
mono_pass	tW	0.554598
mono_pass	tW	1.309474
mono_pass	tW	1.632295
mono_pass	tW	0.809758
mono_pass	tW	0.290735
mono_pass	tW	0.749081
mono_pass	tW	0.153538
mono_pass	tW	0.73251
mono_pass	tW	0.2907
mono_pass	tW	0.877053
mono_pass	tW	1.61277
mono_pass	tW	0.711367
mono_pass	tW	0.873141
mono_pass	tW	0.296545
unicorn_ponds	tW	1.27413
unicorn_ponds	tW	1.182498
unicorn_ponds	tW	1.448454
unicorn_ponds	tW	1.195439
unicorn_ponds	tW	1.748797
unicorn_ponds	tW	0.358774
unicorn_ponds	tW	1.314026
unicorn_ponds	tW	0.399362
unicorn_ponds	tW	2.082734
unicorn_ponds	tW	1.126338
unicorn_ponds	tW	0.81135
unicorn_ponds	tW	0.627287
unicorn_ponds	tW	1.659302
unicorn_ponds	tW	0.690363
unicorn_ponds	tW	0.554959
unicorn_ponds	tW	1.046269
unicorn_ponds	tW	1.2377609999999999
unicorn_ponds	tW	1.840084
unicorn_ponds	tW	0.424927
unicorn_ponds	tW	1.243766
unicorn_ponds	tW	1.302093
unicorn_ponds	tW	1.11196
unicorn_ponds	tW	0.939665
unicorn_ponds	tW	1.76161
unicorn_ponds	tW	2.044231
unicorn_ponds	tW	1.048508
unicorn_ponds	tW	0.85625
unicorn_ponds	tW	2.410798
unicorn_ponds	tW	1.62575
unicorn_ponds	tW	0.917484
unicorn_ponds	tW	1.1643539999999999
unicorn_ponds	tW	1.407432
unicorn_ponds	tW	0.607105
unicorn_ponds	tW	0.776625
unicorn_ponds	tW	0.348567
unicorn_ponds	tW	0.784452
unicorn_ponds	tW	0.645678
unicorn_ponds	tW	1.059443
unicorn_ponds	tW	1.227593
unicorn_ponds	tW	0.537369
unicorn_ponds	tW	1.071876
unicorn_ponds	tW	0.57682
unicorn_ponds	tW	1.061504
unicorn_ponds	tW	1.420428
unicorn_ponds	tW	0.809192
unicorn_ponds	tW	0.090906
unicorn_ponds	tW	1.598354
unicorn_ponds	tW	1.486081
unicorn_ponds	tW	2.239148
unicorn_ponds	tW	0.541505
unicorn_ponds	tW	1.161841
unicorn_ponds	tW	1.158596
unicorn_ponds	tW	0.475926
unicorn_ponds	tW	0.760837
unicorn_ponds	tW	1.661599
unicorn_ponds	tW	0.77764
unicorn_ponds	tW	1.399938
unicorn_ponds	tW	1.192485
unicorn_ponds	tW	0.69599
unicorn_ponds	tW	1.419326
unicorn_ponds	tW	0.980729
unicorn_ponds	tW	0.798831
unicorn_ponds	tW	0.806529
unicorn_ponds	tW	1.40871
unicorn_ponds	tW	1.073938
unicorn_ponds	tW	0.763737
unicorn_ponds	tW	0.741975
unicorn_ponds	tW	1.703884
unicorn_ponds	tW	1.137951
unicorn_ponds	tW	0.810848
unicorn_ponds	tW	1.035657
unicorn_ponds	tW	0.7977
unicorn_ponds	tW	1.451745
unicorn_ponds	tW	1.877902
unicorn_ponds	tW	0.862783
unicorn_ponds	tW	0.309507
unicorn_ponds	tW	1.312682
unicorn_ponds	tW	1.000563
unicorn_ponds	tW	1.028636
unicorn_ponds	tW	0.464799
unicorn_ponds	tW	1.170162
unicorn_ponds	tW	1.104177
unicorn_ponds	tW	0.569794
unicorn_ponds	tW	2.416082
unicorn_ponds	tW	1.465298
unicorn_ponds	tW	0.893604
unicorn_ponds	tW	1.673008
unicorn_ponds	tW	0.740374
unicorn_ponds	tW	0.530986
unicorn_ponds	tW	0.952084
unicorn_ponds	tW	1.333625
unicorn_ponds	tW	0.993986
unicorn_ponds	tW	0.789156
unicorn_ponds	tW	1.149206
unicorn_ponds	tW	0.694968
unicorn_ponds	tW	2.258391
unicorn_ponds	tW	1.124762
unicorn_ponds	tW	0.315898
unicorn_ponds	tW	1.086809
unicorn_ponds	tW	0.385682
unicorn_ponds	tW	0.976972
unicorn_ponds	tW	1.08751
unicorn_ponds	tW	1.105319
unicorn_ponds	tW	0.79174
unicorn_ponds	tW	1.540021
unicorn_ponds	tW	1.105526
unicorn_ponds	tW	1.102069
unicorn_ponds	tW	1.460806
unicorn_ponds	tW	1.037174
unicorn_ponds	tW	0.42287400000000003
unicorn_ponds	tW	1.958887
unicorn_ponds	tW	1.198464
unicorn_ponds	tW	1.309901
unicorn_ponds	tW	0.93259
unicorn_ponds	tW	0.973894
unicorn_ponds	tW	0.826922
unicorn_ponds	tW	0.369864
unicorn_ponds	tW	1.485249
unicorn_ponds	tW	0.894839
unicorn_ponds	tW	1.45325
unicorn_ponds	tW	0.709329
unicorn_ponds	tW	0.929343
unicorn_ponds	tW	0.924419
unicorn_ponds	tW	0.291479
unicorn_ponds	tW	1.79943
unicorn_ponds	tW	1.497089
unicorn_ponds	tW	0.659084
unicorn_ponds	tW	1.243631
unicorn_ponds	tW	1.002936
unicorn_ponds	tW	0.254457
unicorn_ponds	tW	1.388777
unicorn_ponds	tW	0.976183
unicorn_ponds	tW	1.315183
unicorn_ponds	tW	1.79449
unicorn_ponds	tW	0.758414
unicorn_ponds	tW	1.372323
unicorn_ponds	tW	1.031519
unicorn_ponds	tW	0.545101
unicorn_ponds	tW	0.952462
unicorn_ponds	tW	0.973809
unicorn_ponds	tW	0.620059
unicorn_ponds	tW	0.950237
unicorn_ponds	tW	0.535425
unicorn_ponds	tW	1.381733
unicorn_ponds	tW	0.627834
unicorn_ponds	tW	1.67992
unicorn_ponds	tW	1.397884
unicorn_ponds	tW	1.612155
unicorn_ponds	tW	0.097063
unicorn_ponds	tW	2.236353
unicorn_ponds	tW	0.838216
unicorn_ponds	tW	0.932252
unicorn_ponds	tW	0.409968
unicorn_ponds	tW	0.321032
unicorn_ponds	tW	1.363986
unicorn_ponds	tW	1.090331
unicorn_ponds	tW	0.500987
unicorn_ponds	tW	2.366802
unicorn_ponds	tW	1.527097
unicorn_ponds	tW	1.05243
unicorn_ponds	tW	1.252388
unicorn_ponds	tW	1.447081
unicorn_ponds	tW	2.143441
unicorn_ponds	tW	0.964788
unicorn_ponds	tW	1.263584
unicorn_ponds	tW	0.793789
unicorn_ponds	tW	0.912952
unicorn_ponds	tW	0.074898
unicorn_ponds	tW	1.082892
unicorn_ponds	tW	0.835792
unicorn_ponds	tW	1.358536
unicorn_ponds	tW	0.930451
unicorn_ponds	tW	2.165114
unicorn_ponds	tW	0.788952
unicorn_ponds	tW	1.100101
unicorn_ponds	tW	1.352947
unicorn_ponds	tW	0.730514
unicorn_ponds	tW	0.731697
unicorn_ponds	tW	0.19868
altos_de_piedra	tP	0.017586
altos_de_piedra	tP	0.156067
altos_de_piedra	tP	0.950377
altos_de_piedra	tP	0.013312
altos_de_piedra	tP	0.154161
altos_de_piedra	tP	0.016609
altos_de_piedra	tP	0.23216
altos_de_piedra	tP	0.113763
altos_de_piedra	tP	0.153417
altos_de_piedra	tP	0.032481
altos_de_piedra	tP	0.319979
altos_de_piedra	tP	0.130578
altos_de_piedra	tP	0.235834
altos_de_piedra	tP	0.192726
altos_de_piedra	tP	0.240925
altos_de_piedra	tP	0.038601
altos_de_piedra	tP	0.570186
altos_de_piedra	tP	0.172114
altos_de_piedra	tP	0.06297
altos_de_piedra	tP	0.127077
altos_de_piedra	tP	1.488608
altos_de_piedra	tP	0.254337
altos_de_piedra	tP	0.171529
altos_de_piedra	tP	0.20918900000000001
altos_de_piedra	tP	0.869961
altos_de_piedra	tP	0.46802
altos_de_piedra	tP	0.028786
altos_de_piedra	tP	0.201847
altos_de_piedra	tP	0.163204
altos_de_piedra	tP	0.120265
altos_de_piedra	tP	0.069641
altos_de_piedra	tP	0.097188
altos_de_piedra	tP	2.74e-4
altos_de_piedra	tP	0.013672
altos_de_piedra	tP	0.333228
altos_de_piedra	tP	0.333505
altos_de_piedra	tP	0.202109
altos_de_piedra	tP	0.034726
altos_de_piedra	tP	0.013661
altos_de_piedra	tP	0.222222
altos_de_piedra	tP	0.339871
altos_de_piedra	tP	0.084006
altos_de_piedra	tP	0.242452
altos_de_piedra	tP	0.057622
altos_de_piedra	tP	0.201278
altos_de_piedra	tP	1.249574
altos_de_piedra	tP	0.01722
altos_de_piedra	tP	0.557328
altos_de_piedra	tP	0.253793
altos_de_piedra	tP	1.387844
altos_de_piedra	tP	0.042175
altos_de_piedra	tP	0.036185
altos_de_piedra	tP	0.234449
altos_de_piedra	tP	0
altos_de_piedra	tP	0.143235
altos_de_piedra	tP	0.092522
altos_de_piedra	tP	0.188925
altos_de_piedra	tP	0.358517
altos_de_piedra	tP	0
altos_de_piedra	tP	0.019848
altos_de_piedra	tP	0.143834
altos_de_piedra	tP	0.058908
altos_de_piedra	tP	0.131815
altos_de_piedra	tP	0.039811
altos_de_piedra	tP	0.521211
altos_de_piedra	tP	0.941239
altos_de_piedra	tP	0.083555
altos_de_piedra	tP	0.127107
altos_de_piedra	tP	0.956059
altos_de_piedra	tP	0.111113
altos_de_piedra	tP	0.926198
altos_de_piedra	tP	0.015266
altos_de_piedra	tP	0.111455
altos_de_piedra	tP	0.034698
altos_de_piedra	tP	0.267668
altos_de_piedra	tP	0.031228
altos_de_piedra	tP	0.101686
altos_de_piedra	tP	0.223948
altos_de_piedra	tP	0.360504
altos_de_piedra	tP	1.208331
altos_de_piedra	tP	0.131108
altos_de_piedra	tP	0
altos_de_piedra	tP	0.144996
altos_de_piedra	tP	0.110713
altos_de_piedra	tP	0.255364
altos_de_piedra	tP	0.657769
altos_de_piedra	tP	0.127499
altos_de_piedra	tP	0.331549
altos_de_piedra	tP	0.017093
altos_de_piedra	tP	0.147514
altos_de_piedra	tP	0.126979
altos_de_piedra	tP	0.503269
altos_de_piedra	tP	0.696336
altos_de_piedra	tP	0.103975
altos_de_piedra	tP	0.015632
altos_de_piedra	tP	0.24295
altos_de_piedra	tP	0.135553
altos_de_piedra	tP	0.117886
altos_de_piedra	tP	0.091581
altos_de_piedra	tP	0.129399
altos_de_piedra	tP	0.435819
altos_de_piedra	tP	0.018808
altos_de_piedra	tP	0.458265
altos_de_piedra	tP	0.077841
altos_de_piedra	tP	0.120029
altos_de_piedra	tP	0.350447
altos_de_piedra	tP	0.013678
altos_de_piedra	tP	0.059896
altos_de_piedra	tP	0.111446
altos_de_piedra	tP	0.056154
altos_de_piedra	tP	0.168387
altos_de_piedra	tP	0.111111
altos_de_piedra	tP	0.018958
altos_de_piedra	tP	0.056362
altos_de_piedra	tP	0.022594
altos_de_piedra	tP	0.649075
altos_de_piedra	tP	0.67447
altos_de_piedra	tP	0.013922
altos_de_piedra	tP	0.222441
altos_de_piedra	tP	0.152426
altos_de_piedra	tP	0.005461
altos_de_piedra	tP	0
altos_de_piedra	tP	0.308087
altos_de_piedra	tP	0.034473
altos_de_piedra	tP	0.04714
altos_de_piedra	tP	0.33353
altos_de_piedra	tP	0.114987
altos_de_piedra	tP	0
altos_de_piedra	tP	1.068252
altos_de_piedra	tP	0.689411
altos_de_piedra	tP	0.634032
altos_de_piedra	tP	0.129155
altos_de_piedra	tP	0.210631
altos_de_piedra	tP	0.028425
altos_de_piedra	tP	0.039686
altos_de_piedra	tP	0.679796
altos_de_piedra	tP	0.259648
altos_de_piedra	tP	0.10791
altos_de_piedra	tP	0.329365
altos_de_piedra	tP	1.65e-4
altos_de_piedra	tP	0.336998
altos_de_piedra	tP	0.567723
altos_de_piedra	tP	0.671198
altos_de_piedra	tP	0.019233
altos_de_piedra	tP	0.269219
altos_de_piedra	tP	0.24491
altos_de_piedra	tP	0.445941
altos_de_piedra	tP	0.256714
altos_de_piedra	tP	0.47712
altos_de_piedra	tP	0.121772
altos_de_piedra	tP	0.097354
altos_de_piedra	tP	1.0745
altos_de_piedra	tP	1.084505
altos_de_piedra	tP	0.172361
altos_de_piedra	tP	0.541999
altos_de_piedra	tP	0.177875
altos_de_piedra	tP	0.107418
altos_de_piedra	tP	0.566056
altos_de_piedra	tP	0.108277
altos_de_piedra	tP	0.227687
altos_de_piedra	tP	0.167365
altos_de_piedra	tP	0.355345
altos_de_piedra	tP	1.151965
altos_de_piedra	tP	0.541048
altos_de_piedra	tP	0.065718
altos_de_piedra	tP	0.075477
altos_de_piedra	tP	0.118633
altos_de_piedra	tP	0.018441
altos_de_piedra	tP	0.378215
altos_de_piedra	tP	0.73651
altos_de_piedra	tP	0.046257
altos_de_piedra	tP	0.032219
altos_de_piedra	tP	0.030484
altos_de_piedra	tP	0.753302
altos_de_piedra	tP	0.301707
altos_de_piedra	tP	1.948903
altos_de_piedra	tP	0.111111
altos_de_piedra	tP	0.213415
altos_de_piedra	tP	0.243302
altos_de_piedra	tP	0.127764
altos_de_piedra	tP	0.032623
altos_de_piedra	tP	0.035689
altos_de_piedra	tP	0.503054
altos_de_piedra	tP	0.067423
altos_de_piedra	tP	0
altos_de_piedra	tP	0
barrett_basin	tP	0.731893
barrett_basin	tP	0.469647
barrett_basin	tP	0.282756
barrett_basin	tP	0.561306
barrett_basin	tP	0.532852
barrett_basin	tP	1.673546
barrett_basin	tP	1.826856
barrett_basin	tP	1.595892
barrett_basin	tP	0.8158
barrett_basin	tP	1.098213
barrett_basin	tP	0.744157
barrett_basin	tP	0.561793
barrett_basin	tP	1.150148
barrett_basin	tP	1.092891
barrett_basin	tP	0.60223
barrett_basin	tP	0.936578
barrett_basin	tP	2.19772
barrett_basin	tP	0.995356
barrett_basin	tP	0.945676
barrett_basin	tP	0.402457
barrett_basin	tP	0.417576
barrett_basin	tP	1.321808
barrett_basin	tP	0.52174
barrett_basin	tP	0.882999
barrett_basin	tP	0.505088
barrett_basin	tP	0.540429
barrett_basin	tP	1.085442
barrett_basin	tP	0.108331
barrett_basin	tP	0.592543
barrett_basin	tP	0.692184
barrett_basin	tP	0.547313
barrett_basin	tP	0.377247
barrett_basin	tP	0.375343
barrett_basin	tP	0.465553
barrett_basin	tP	0.323488
barrett_basin	tP	0.660116
barrett_basin	tP	0.813813
barrett_basin	tP	0.822292
barrett_basin	tP	0.376108
barrett_basin	tP	0.613643
barrett_basin	tP	0.209617
barrett_basin	tP	1.294918
barrett_basin	tP	0.286497
barrett_basin	tP	1.151594
barrett_basin	tP	0.478956
barrett_basin	tP	1.836306
barrett_basin	tP	0.685155
barrett_basin	tP	0.341551
barrett_basin	tP	0.716472
barrett_basin	tP	0.400241
barrett_basin	tP	0.373931
barrett_basin	tP	0.786674
barrett_basin	tP	0.319685
barrett_basin	tP	0.479959
barrett_basin	tP	0.336523
barrett_basin	tP	0.752052
barrett_basin	tP	0.811222
barrett_basin	tP	0.649595
barrett_basin	tP	1.147805
barrett_basin	tP	0.39876
barrett_basin	tP	0.483748
barrett_basin	tP	0.594819
barrett_basin	tP	0.749009
barrett_basin	tP	0.591612
barrett_basin	tP	0.539073
barrett_basin	tP	0.651931
barrett_basin	tP	0.582612
barrett_basin	tP	0.550293
barrett_basin	tP	0.584759
barrett_basin	tP	0.75457
barrett_basin	tP	0.757721
barrett_basin	tP	1.614705
barrett_basin	tP	0.752886
barrett_basin	tP	0.73054
barrett_basin	tP	1.477736
barrett_basin	tP	1.707425
barrett_basin	tP	2.759179
barrett_basin	tP	0.222849
barrett_basin	tP	1.221472
barrett_basin	tP	0.700605
barrett_basin	tP	0.497867
barrett_basin	tP	1.118761
barrett_basin	tP	0.652659
barrett_basin	tP	0.601498
barrett_basin	tP	0.342426
barrett_basin	tP	0.476339
barrett_basin	tP	0.648932
barrett_basin	tP	0.462173
barrett_basin	tP	0.606406
barrett_basin	tP	0.431954
barrett_basin	tP	0.832639
barrett_basin	tP	0.433388
barrett_basin	tP	0.720711
barrett_basin	tP	0.792892
barrett_basin	tP	2.076197
barrett_basin	tP	0.586853
barrett_basin	tP	0.820861
barrett_basin	tP	0.974838
barrett_basin	tP	0.602604
barrett_basin	tP	0.420119
barrett_basin	tP	0.773937
barrett_basin	tP	0.112246
barrett_basin	tP	0.190344
barrett_basin	tP	0.531419
barrett_basin	tP	0.178763
barrett_basin	tP	0.758078
barrett_basin	tP	0.455076
barrett_basin	tP	0.716567
barrett_basin	tP	0.658434
barrett_basin	tP	0.437088
barrett_basin	tP	0.931305
barrett_basin	tP	0.855864
barrett_basin	tP	0.844313
barrett_basin	tP	1.247991
barrett_basin	tP	0.379435
barrett_basin	tP	1.368983
barrett_basin	tP	0.268069
barrett_basin	tP	0.401233
barrett_basin	tP	1.280235
barrett_basin	tP	1.665171
barrett_basin	tP	0.44168
barrett_basin	tP	0.487281
barrett_basin	tP	0.714034
barrett_basin	tP	1.094041
barrett_basin	tP	1.265141
barrett_basin	tP	0.624572
barrett_basin	tP	0.417401
barrett_basin	tP	1.487956
barrett_basin	tP	1.481016
barrett_basin	tP	0.275299
barrett_basin	tP	1.006661
barrett_basin	tP	1.571866
barrett_basin	tP	0.613414
barrett_basin	tP	1.43556
barrett_basin	tP	0.442102
barrett_basin	tP	0.853966
barrett_basin	tP	1.072986
barrett_basin	tP	1.357057
barrett_basin	tP	0.420934
barrett_basin	tP	1.168883
barrett_basin	tP	0.666812
barrett_basin	tP	0.126875
barrett_basin	tP	0.817163
barrett_basin	tP	0.861985
barrett_basin	tP	1.294281
barrett_basin	tP	0.523418
barrett_basin	tP	0.784893
barrett_basin	tP	0.551732
barrett_basin	tP	0.40286
barrett_basin	tP	0.596109
barrett_basin	tP	0.375547
barrett_basin	tP	0.427702
barrett_basin	tP	0.469018
barrett_basin	tP	0.429537
barrett_basin	tP	0.503295
barrett_basin	tP	0.261025
barrett_basin	tP	0.375302
barrett_basin	tP	0.484937
cerro_negro	tP	0.028967
cerro_negro	tP	0.376129
cerro_negro	tP	0.649312
cerro_negro	tP	0.0489
cerro_negro	tP	0.178027
cerro_negro	tP	0.181329
cerro_negro	tP	0.262056
cerro_negro	tP	0.023334
cerro_negro	tP	0.304138
cerro_negro	tP	0.083425
cerro_negro	tP	0.265386
cerro_negro	tP	0.097285
cerro_negro	tP	0.151172
cerro_negro	tP	0.132462
cerro_negro	tP	0.216487
cerro_negro	tP	0.180646
cerro_negro	tP	0.792108
cerro_negro	tP	0.21013
cerro_negro	tP	0.230395
cerro_negro	tP	0.023395
cerro_negro	tP	1.307345
cerro_negro	tP	0.260569
cerro_negro	tP	0.169698
cerro_negro	tP	0.176141
cerro_negro	tP	0.228021
cerro_negro	tP	0.029369
cerro_negro	tP	0.122347
cerro_negro	tP	0.094648
cerro_negro	tP	0.320297
cerro_negro	tP	0.209456
cerro_negro	tP	0.108072
cerro_negro	tP	0.366353
cerro_negro	tP	0.172386
cerro_negro	tP	0.290927
cerro_negro	tP	0.279091
cerro_negro	tP	0.027854
cerro_negro	tP	0.217954
cerro_negro	tP	0.013994
cerro_negro	tP	0.261397
cerro_negro	tP	0.011592
cerro_negro	tP	0.09224
cerro_negro	tP	0.114967
cerro_negro	tP	0.116472
cerro_negro	tP	0.711026
cerro_negro	tP	0.021725
cerro_negro	tP	1.04721
cerro_negro	tP	0.097925
cerro_negro	tP	0.689114
cerro_negro	tP	0.166498
cerro_negro	tP	1.730875
cerro_negro	tP	0.097733
cerro_negro	tP	0.113787
cerro_negro	tP	0.197525
cerro_negro	tP	0.08334
cerro_negro	tP	0.121867
cerro_negro	tP	0.036671
cerro_negro	tP	0.374017
cerro_negro	tP	0.02434
cerro_negro	tP	0.01489
cerro_negro	tP	0.266972
cerro_negro	tP	0.16917
cerro_negro	tP	0.091085
cerro_negro	tP	0.107992
cerro_negro	tP	0.214421
cerro_negro	tP	0.470275
cerro_negro	tP	0.647323
cerro_negro	tP	0.057719
cerro_negro	tP	0.16914
cerro_negro	tP	1.394509
cerro_negro	tP	0.194695
cerro_negro	tP	1.296129
cerro_negro	tP	0.109562
cerro_negro	tP	0.116445
cerro_negro	tP	0.166674
cerro_negro	tP	0.016517
cerro_negro	tP	0.166673
cerro_negro	tP	0.073611
cerro_negro	tP	0.266698
cerro_negro	tP	0.132737
cerro_negro	tP	1.252767
cerro_negro	tP	5.6e-5
cerro_negro	tP	0.241702
cerro_negro	tP	0.145123
cerro_negro	tP	0.263935
cerro_negro	tP	0.17293
cerro_negro	tP	0.839848
cerro_negro	tP	0.025234
cerro_negro	tP	0.542481
cerro_negro	tP	0.18276
cerro_negro	tP	0.26813
cerro_negro	tP	0.053436
cerro_negro	tP	0.698941
cerro_negro	tP	0.536761
cerro_negro	tP	0.909516
cerro_negro	tP	0.249852
cerro_negro	tP	0.359658
cerro_negro	tP	0.043796
cerro_negro	tP	0.026327
cerro_negro	tP	0.125333
cerro_negro	tP	0.162946
cerro_negro	tP	0.157469
cerro_negro	tP	0.25005
cerro_negro	tP	0.724335
cerro_negro	tP	0.060957
cerro_negro	tP	0.183447
cerro_negro	tP	0.06311
cerro_negro	tP	0.055924
cerro_negro	tP	0.149569
cerro_negro	tP	0.297132
cerro_negro	tP	0.131542
cerro_negro	tP	5.94e-4
cerro_negro	tP	0.194417
cerro_negro	tP	0.083355
cerro_negro	tP	0.130362
cerro_negro	tP	1.2e-5
cerro_negro	tP	0.728778
cerro_negro	tP	0.693691
cerro_negro	tP	0.346281
cerro_negro	tP	0.315573
cerro_negro	tP	0.332987
cerro_negro	tP	0.195269
cerro_negro	tP	0.189084
cerro_negro	tP	0.273318
cerro_negro	tP	0.012792
cerro_negro	tP	0.213956
cerro_negro	tP	0.21875
cerro_negro	tP	0.259845
cerro_negro	tP	0.466158
cerro_negro	tP	1.152964
cerro_negro	tP	0.549318
cerro_negro	tP	0.506984
cerro_negro	tP	0.041334
cerro_negro	tP	0.140965
cerro_negro	tP	0.402626
cerro_negro	tP	0.032541
cerro_negro	tP	0.550163
cerro_negro	tP	0.055926
cerro_negro	tP	0.28173
cerro_negro	tP	0.067875
cerro_negro	tP	0.141341
cerro_negro	tP	0.274493
cerro_negro	tP	0.69745
cerro_negro	tP	0.809638
cerro_negro	tP	0.205968
cerro_negro	tP	0.128243
cerro_negro	tP	0.263286
cerro_negro	tP	0.18156
cerro_negro	tP	0.802483
cerro_negro	tP	1.018393
cerro_negro	tP	0.181723
cerro_negro	tP	0.256264
cerro_negro	tP	1.218259
cerro_negro	tP	1.219654
cerro_negro	tP	0.09929
cerro_negro	tP	0.302032
cerro_negro	tP	0.219753
cerro_negro	tP	0.120793
cerro_negro	tP	0.43116
cerro_negro	tP	0.117954
cerro_negro	tP	0.121749
cerro_negro	tP	0.544147
cerro_negro	tP	0.263121
cerro_negro	tP	1.153053
cerro_negro	tP	0.853259
cerro_negro	tP	0.138702
cerro_negro	tP	0.063543
cerro_negro	tP	0.097193
cerro_negro	tP	0.045893
cerro_negro	tP	0.099236
cerro_negro	tP	0.723474
cerro_negro	tP	0.198608
cerro_negro	tP	0.041148
cerro_negro	tP	0.037383
cerro_negro	tP	0.489178
cerro_negro	tP	0.091564
cerro_negro	tP	1.734356
cerro_negro	tP	0.191596
cerro_negro	tP	0.175935
cerro_negro	tP	0.083533
cerro_negro	tP	0.193792
cerro_negro	tP	0.216911
cerro_negro	tP	0.030623
cerro_negro	tP	0.344203
cerro_negro	tP	0.144024
cerro_negro	tP	0
cerro_negro	tP	0.079788
conness_pond	tP	1.486403
conness_pond	tP	0.930565
conness_pond	tP	1.163265
conness_pond	tP	0.166665
conness_pond	tP	2.334309
conness_pond	tP	0.70099
conness_pond	tP	1.175129
conness_pond	tP	0.443818
conness_pond	tP	1.110198
conness_pond	tP	0.391786
conness_pond	tP	0.78943700000000006
conness_pond	tP	0.86552
conness_pond	tP	0.261456
conness_pond	tP	0.50407
conness_pond	tP	0.661897
conness_pond	tP	0.762314
conness_pond	tP	1.958973
conness_pond	tP	0.590389
conness_pond	tP	0.420215
conness_pond	tP	0.838194
conness_pond	tP	0.259864
conness_pond	tP	0.128256
conness_pond	tP	0.771268
conness_pond	tP	0.480277
conness_pond	tP	0.413597
conness_pond	tP	0.127451
conness_pond	tP	0.250006
conness_pond	tP	0.34679
conness_pond	tP	0.652896
conness_pond	tP	0.214432
conness_pond	tP	0.425494
conness_pond	tP	0.563151
conness_pond	tP	0.448827
conness_pond	tP	0.288833
conness_pond	tP	0.297922
conness_pond	tP	0.421468
conness_pond	tP	0.371317
conness_pond	tP	0.225549
conness_pond	tP	0.087137
conness_pond	tP	0.339779
conness_pond	tP	0.677896
conness_pond	tP	0.297202
conness_pond	tP	0.99378
conness_pond	tP	0.885679
conness_pond	tP	0.513141
conness_pond	tP	0.144695
conness_pond	tP	0.261267
conness_pond	tP	0.248945
conness_pond	tP	1.102425
conness_pond	tP	0.025949
conness_pond	tP	0.158703
conness_pond	tP	0.583505
conness_pond	tP	0.163484
conness_pond	tP	0.403901
conness_pond	tP	0.551329
conness_pond	tP	0.491966
conness_pond	tP	0.317869
conness_pond	tP	0.704924
conness_pond	tP	0.483065
conness_pond	tP	0.206159
conness_pond	tP	0.649099
conness_pond	tP	0.883535
conness_pond	tP	0.478171
conness_pond	tP	0.802889
conness_pond	tP	0.861887
conness_pond	tP	0.20684
conness_pond	tP	1.488352
conness_pond	tP	1.388725
conness_pond	tP	0.357971
conness_pond	tP	1.29393
conness_pond	tP	0.39773
conness_pond	tP	0.24666
conness_pond	tP	0.499374
conness_pond	tP	0.512691
conness_pond	tP	0.276542
conness_pond	tP	0.306953
conness_pond	tP	0.72251
conness_pond	tP	0.561257
conness_pond	tP	1.550009
conness_pond	tP	0.083344
conness_pond	tP	0.609295
conness_pond	tP	0.326192
conness_pond	tP	0.411835
conness_pond	tP	0.604447
conness_pond	tP	0.443548
conness_pond	tP	0.581349
conness_pond	tP	0.23407
conness_pond	tP	1.010669
conness_pond	tP	0.689287
conness_pond	tP	0.905319
conness_pond	tP	0.610351
conness_pond	tP	1.13079
conness_pond	tP	0.311158
conness_pond	tP	0.285282
conness_pond	tP	0.295961
conness_pond	tP	0.134803
conness_pond	tP	0.266724
conness_pond	tP	0.626097
conness_pond	tP	0.401377
conness_pond	tP	0.250319
conness_pond	tP	0.447104
conness_pond	tP	0.729285
conness_pond	tP	0.950572
conness_pond	tP	1.077236
conness_pond	tP	0.1997
conness_pond	tP	0.675033
conness_pond	tP	0.366015
conness_pond	tP	0.662014
conness_pond	tP	0.287167
conness_pond	tP	0.029287
conness_pond	tP	0.571301
conness_pond	tP	0.759714
conness_pond	tP	0.593929
conness_pond	tP	1.55783
conness_pond	tP	0.917029
conness_pond	tP	0.408473
conness_pond	tP	1.037577
conness_pond	tP	1.064709
conness_pond	tP	0.691447
conness_pond	tP	0.742654
conness_pond	tP	1.464739
conness_pond	tP	1.221714
conness_pond	tP	0.883363
conness_pond	tP	1.166431
conness_pond	tP	0.229019
conness_pond	tP	0.247684
conness_pond	tP	0.684837
conness_pond	tP	0.41677
conness_pond	tP	0.461406
conness_pond	tP	0.258366
conness_pond	tP	0.967939
conness_pond	tP	0.489535
conness_pond	tP	0.466687
conness_pond	tP	1.013469
conness_pond	tP	0.272622
conness_pond	tP	0.809821
conness_pond	tP	1.101045
conness_pond	tP	1.104455
conness_pond	tP	0.856788
conness_pond	tP	0.794848
conness_pond	tP	0.415527
conness_pond	tP	0.934152
conness_pond	tP	1.082253
conness_pond	tP	0.16955
conness_pond	tP	0.330297
conness_pond	tP	1.950408
conness_pond	tP	0.667788
conness_pond	tP	0.473345
conness_pond	tP	0.370767
conness_pond	tP	1.786156
conness_pond	tP	0.599955
conness_pond	tP	0.974552
conness_pond	tP	0.316856
conness_pond	tP	0.923294
conness_pond	tP	0.743
conness_pond	tP	1.258181
conness_pond	tP	0.764532
conness_pond	tP	0.694765
conness_pond	tP	0.154015
conness_pond	tP	0.304797
conness_pond	tP	0.309457
conness_pond	tP	0.184445
conness_pond	tP	0.276558
conness_pond	tP	0.119882
conness_pond	tP	0.746982
conness_pond	tP	0.180572
conness_pond	tP	1.964488
conness_pond	tP	0.332542
conness_pond	tP	0.12517
conness_pond	tP	0.398814
conness_pond	tP	0.331644
conness_pond	tP	0.083356
conness_pond	tP	0.322509
conness_pond	tP	0.775671
conness_pond	tP	0.396307
conness_pond	tP	0.24408
conness_pond	tP	0.241267
devils_crag_basin	tP	0.320835
devils_crag_basin	tP	0.322256
devils_crag_basin	tP	0.663229
devils_crag_basin	tP	2.09e-4
devils_crag_basin	tP	0.107023
devils_crag_basin	tP	0.40849800000000003
devils_crag_basin	tP	1.364181
devils_crag_basin	tP	0.161104
devils_crag_basin	tP	1.237773
devils_crag_basin	tP	0.606497
devils_crag_basin	tP	0.80441
devils_crag_basin	tP	0.835254
devils_crag_basin	tP	0.208029
devils_crag_basin	tP	0.390791
devils_crag_basin	tP	0.34412
devils_crag_basin	tP	0.69996
devils_crag_basin	tP	0.853135
devils_crag_basin	tP	1.786
devils_crag_basin	tP	0.843176
devils_crag_basin	tP	0.715785
devils_crag_basin	tP	0.73257
devils_crag_basin	tP	0.563077
devils_crag_basin	tP	2.255899
devils_crag_basin	tP	0.757556
devils_crag_basin	tP	1.339659
devils_crag_basin	tP	0.7664
devils_crag_basin	tP	0.661914
devils_crag_basin	tP	0.559821
devils_crag_basin	tP	2.519753
devils_crag_basin	tP	0.879904
devils_crag_basin	tP	0.762193
devils_crag_basin	tP	0.513977
devils_crag_basin	tP	1.151544
devils_crag_basin	tP	0.684255
devils_crag_basin	tP	0.043866
devils_crag_basin	tP	0.392909
devils_crag_basin	tP	0.167624
devils_crag_basin	tP	0.002633
devils_crag_basin	tP	0.196456
devils_crag_basin	tP	0.134332
devils_crag_basin	tP	0.233745
devils_crag_basin	tP	0.324654
devils_crag_basin	tP	0.204376
devils_crag_basin	tP	0.174225
devils_crag_basin	tP	0.152047
devils_crag_basin	tP	0.138932
devils_crag_basin	tP	8.09e-4
devils_crag_basin	tP	0.486281
devils_crag_basin	tP	0.047979
devils_crag_basin	tP	0.383862
devils_crag_basin	tP	0.109478
devils_crag_basin	tP	0.095121
devils_crag_basin	tP	0.203738
devils_crag_basin	tP	9.4e-5
devils_crag_basin	tP	0.238268
devils_crag_basin	tP	0.042097
devils_crag_basin	tP	0.339646
devils_crag_basin	tP	0.07512
devils_crag_basin	tP	0.259546
devils_crag_basin	tP	0.095212
devils_crag_basin	tP	0.442419
devils_crag_basin	tP	1.028387
devils_crag_basin	tP	0.306738
devils_crag_basin	tP	0.169547
devils_crag_basin	tP	0.693432
devils_crag_basin	tP	0.339302
devils_crag_basin	tP	0.176257
devils_crag_basin	tP	0.228283
devils_crag_basin	tP	0.098299
devils_crag_basin	tP	0.123435
devils_crag_basin	tP	0.245269
devils_crag_basin	tP	0.16528
devils_crag_basin	tP	0.133228
devils_crag_basin	tP	0.313838
devils_crag_basin	tP	0.411182
devils_crag_basin	tP	0.14614
devils_crag_basin	tP	0.130274
devils_crag_basin	tP	0.696366
devils_crag_basin	tP	0.106102
devils_crag_basin	tP	1.192297
devils_crag_basin	tP	0.155558
devils_crag_basin	tP	0.663371
devils_crag_basin	tP	0.431606
devils_crag_basin	tP	0.093098
devils_crag_basin	tP	1.740954
devils_crag_basin	tP	2.36093
devils_crag_basin	tP	0.192461
devils_crag_basin	tP	0.856818
devils_crag_basin	tP	0.241483
devils_crag_basin	tP	0.26651
devils_crag_basin	tP	0.206498
devils_crag_basin	tP	0.671268
devils_crag_basin	tP	1.032362
devils_crag_basin	tP	1.242742
devils_crag_basin	tP	0.176259
devils_crag_basin	tP	0.441099
devils_crag_basin	tP	0.091591
devils_crag_basin	tP	0.193225
devils_crag_basin	tP	0.185564
devils_crag_basin	tP	0.211475
devils_crag_basin	tP	0.184367
devils_crag_basin	tP	0.150755
devils_crag_basin	tP	0.298343
devils_crag_basin	tP	0.345041
devils_crag_basin	tP	0.596092
devils_crag_basin	tP	0.425571
devils_crag_basin	tP	0.20745
devils_crag_basin	tP	0.319085
devils_crag_basin	tP	0.43132
devils_crag_basin	tP	0.473653
devils_crag_basin	tP	0.076466
devils_crag_basin	tP	0.10047
devils_crag_basin	tP	0.27766
devils_crag_basin	tP	0.306589
devils_crag_basin	tP	0.692792
devils_crag_basin	tP	0.652257
devils_crag_basin	tP	0.323015
devils_crag_basin	tP	0.236644
devils_crag_basin	tP	0.047641
devils_crag_basin	tP	0.346586
devils_crag_basin	tP	0.095505
devils_crag_basin	tP	0.054914
devils_crag_basin	tP	0.115178
devils_crag_basin	tP	0.341212
devils_crag_basin	tP	0.266469
devils_crag_basin	tP	0.202529
devils_crag_basin	tP	1.332927
devils_crag_basin	tP	0.59402
devils_crag_basin	tP	0.628054
devils_crag_basin	tP	0.137436
devils_crag_basin	tP	0.113689
devils_crag_basin	tP	0.109248
devils_crag_basin	tP	0.28613
devils_crag_basin	tP	0.82322
devils_crag_basin	tP	0.382148
devils_crag_basin	tP	0.380422
devils_crag_basin	tP	0.279053
devils_crag_basin	tP	0.375596
devils_crag_basin	tP	0.376755
devils_crag_basin	tP	0.680639
devils_crag_basin	tP	0.709654
devils_crag_basin	tP	0.209942
devils_crag_basin	tP	0.138941
devils_crag_basin	tP	0.393239
devils_crag_basin	tP	0.281284
devils_crag_basin	tP	0.774984
devils_crag_basin	tP	0.72905
devils_crag_basin	tP	0.154905
devils_crag_basin	tP	0.221782
devils_crag_basin	tP	1.108074
devils_crag_basin	tP	1.356356
devils_crag_basin	tP	0.430155
devils_crag_basin	tP	0.443301
devils_crag_basin	tP	0.221247
devils_crag_basin	tP	0.091409
devils_crag_basin	tP	0.539595
devils_crag_basin	tP	0.270403
devils_crag_basin	tP	0.207911
devils_crag_basin	tP	0.705737
devils_crag_basin	tP	0.205996
devils_crag_basin	tP	0.854523
devils_crag_basin	tP	0.804985
devils_crag_basin	tP	0.440925
devils_crag_basin	tP	0.291014
devils_crag_basin	tP	0.176711
devils_crag_basin	tP	0.235817
devils_crag_basin	tP	0.279918
devils_crag_basin	tP	0.235679
devils_crag_basin	tP	0.160554
devils_crag_basin	tP	0.055599
devils_crag_basin	tP	0.068408
devils_crag_basin	tP	0.703482
devils_crag_basin	tP	0.210906
devils_crag_basin	tP	1.883152
devils_crag_basin	tP	0.053026
devils_crag_basin	tP	0.203803
devils_crag_basin	tP	0.04812
devils_crag_basin	tP	0.331913
devils_crag_basin	tP	0.14232
devils_crag_basin	tP	0.149357
devils_crag_basin	tP	0.375809
devils_crag_basin	tP	0.072466
devils_crag_basin	tP	0.05954
devils_crag_basin	tP	0.10718
el_cope	tP	0.071907
el_cope	tP	0.269848
el_cope	tP	1.232076
el_cope	tP	0.053923
el_cope	tP	0.136295
el_cope	tP	0.108634
el_cope	tP	0.075032
el_cope	tP	0.068263
el_cope	tP	0.196115
el_cope	tP	0.11643
el_cope	tP	0.15385
el_cope	tP	0.22076
el_cope	tP	0.076898
el_cope	tP	0.277116
el_cope	tP	0.069508
el_cope	tP	0.600066
el_cope	tP	0.704942
el_cope	tP	0.120428
el_cope	tP	0.111084
el_cope	tP	0.149883
el_cope	tP	1.6308
el_cope	tP	0.163471
el_cope	tP	0.080934
el_cope	tP	0.311815
el_cope	tP	0.275582
el_cope	tP	0.217881
el_cope	tP	0.185021
el_cope	tP	0.017156
el_cope	tP	0.150604
el_cope	tP	0.274882
el_cope	tP	0.277025
el_cope	tP	0.19939
el_cope	tP	0.081048
el_cope	tP	0.120989
el_cope	tP	0.301713
el_cope	tP	0.231584
el_cope	tP	0.237195
el_cope	tP	0.084204
el_cope	tP	0.059841
el_cope	tP	0.110607
el_cope	tP	0.126673
el_cope	tP	0.620387
el_cope	tP	0.125653
el_cope	tP	0.289704
el_cope	tP	0.402055
el_cope	tP	1.035151
el_cope	tP	0.250598
el_cope	tP	0.68546
el_cope	tP	0.086796
el_cope	tP	1.447788
el_cope	tP	0.133133
el_cope	tP	0.053053
el_cope	tP	0.498971
el_cope	tP	0.036258
el_cope	tP	0.138636
el_cope	tP	0.037372
el_cope	tP	0.080698
el_cope	tP	0.201375
el_cope	tP	0.032712
el_cope	tP	0.128837
el_cope	tP	0.151485
el_cope	tP	0.143829
el_cope	tP	0.22509
el_cope	tP	0.356475
el_cope	tP	0.337526
el_cope	tP	0.687362
el_cope	tP	0.262954
el_cope	tP	0.12975
el_cope	tP	1.184086
el_cope	tP	0.176823
el_cope	tP	1.092624
el_cope	tP	0.231833
el_cope	tP	0.046233
el_cope	tP	0.495739
el_cope	tP	0.007996
el_cope	tP	0.069049
el_cope	tP	0.057788
el_cope	tP	0.09172
el_cope	tP	0.363573
el_cope	tP	1.386093
el_cope	tP	0.056631
el_cope	tP	0.17724
el_cope	tP	0.167277
el_cope	tP	0.178746
el_cope	tP	0.177304
el_cope	tP	0.571794
el_cope	tP	0.054054
el_cope	tP	0.564942
el_cope	tP	0.158019
el_cope	tP	0.158867
el_cope	tP	0.150135
el_cope	tP	0.533516
el_cope	tP	0.602075
el_cope	tP	0.639624
el_cope	tP	0.040504
el_cope	tP	0.433753
el_cope	tP	0.300091
el_cope	tP	0.316482
el_cope	tP	0.155143
el_cope	tP	0.08366
el_cope	tP	0.145186
el_cope	tP	0.068813
el_cope	tP	1.16704
el_cope	tP	0.110171
el_cope	tP	0.319319
el_cope	tP	0.346168
el_cope	tP	0.08202
el_cope	tP	0.188416
el_cope	tP	0.18583
el_cope	tP	0.102931
el_cope	tP	0.36356
el_cope	tP	0.054968
el_cope	tP	0.161526
el_cope	tP	0.177655
el_cope	tP	0.081454
el_cope	tP	0.644211
el_cope	tP	0.662854
el_cope	tP	0.160235
el_cope	tP	0.175529
el_cope	tP	0.123131
el_cope	tP	0.078561
el_cope	tP	0.124448
el_cope	tP	0.110183
el_cope	tP	0.175894
el_cope	tP	0.180535
el_cope	tP	1.142265
el_cope	tP	0.104662
el_cope	tP	0.103221
el_cope	tP	1.119566
el_cope	tP	0.73694
el_cope	tP	0.564624
el_cope	tP	0.24653
el_cope	tP	0.174854
el_cope	tP	0.124784
el_cope	tP	0.34655
el_cope	tP	0.547457
el_cope	tP	0.223638
el_cope	tP	0.283365
el_cope	tP	0.165288
el_cope	tP	0.070786
el_cope	tP	0.096885
el_cope	tP	0.653782
el_cope	tP	0.719403
el_cope	tP	0.059604
el_cope	tP	0.074406
el_cope	tP	0.153969
el_cope	tP	0.087746
el_cope	tP	0.77361
el_cope	tP	0.818659
el_cope	tP	0.199482
el_cope	tP	0.139034
el_cope	tP	1.054846
el_cope	tP	1.40382
el_cope	tP	0.071006
el_cope	tP	0.246257
el_cope	tP	0.348351
el_cope	tP	0.387661
el_cope	tP	0.538255
el_cope	tP	0.117306
el_cope	tP	0.095741
el_cope	tP	0.66087
el_cope	tP	0.145911
el_cope	tP	1.292378
el_cope	tP	0.67244
el_cope	tP	0.154551
el_cope	tP	0.074276
el_cope	tP	0.234765
el_cope	tP	0.186109
el_cope	tP	0.082517
el_cope	tP	0.593136
el_cope	tP	0.05676
el_cope	tP	0.144702
el_cope	tP	0.132939
el_cope	tP	1.110215
el_cope	tP	0.220562
el_cope	tP	1.904448
el_cope	tP	0.027694
el_cope	tP	0.299821
el_cope	tP	0.076595
el_cope	tP	0.113031
el_cope	tP	0.161249
el_cope	tP	0.150515
el_cope	tP	0.602034
el_cope	tP	0.068315
el_cope	tP	0.046049
el_cope	tP	0.01195
el_valle_s	tP	0.278847
el_valle_s	tP	0.259305
el_valle_s	tP	1.028087
el_valle_s	tP	0.001461
el_valle_s	tP	0.286172
el_valle_s	tP	0.128566
el_valle_s	tP	0.32703
el_valle_s	tP	0.109659
el_valle_s	tP	0.389925
el_valle_s	tP	0.113441
el_valle_s	tP	0.405029
el_valle_s	tP	0.38045
el_valle_s	tP	0.478336
el_valle_s	tP	0.286121
el_valle_s	tP	0.644901
el_valle_s	tP	0.284473
el_valle_s	tP	1.31087
el_valle_s	tP	0.259447
el_valle_s	tP	0.585108
el_valle_s	tP	0.048138
el_valle_s	tP	0.21595
el_valle_s	tP	0.19803
el_valle_s	tP	0.130457
el_valle_s	tP	1.128778
el_valle_s	tP	1.561578
el_valle_s	tP	0.13802
el_valle_s	tP	0.103042
el_valle_s	tP	0.074885
el_valle_s	tP	0.063164
el_valle_s	tP	0.280293
el_valle_s	tP	0.048315
el_valle_s	tP	0.399919
el_valle_s	tP	0.502769
el_valle_s	tP	0.157057
el_valle_s	tP	0.242403
el_valle_s	tP	0.625581
el_valle_s	tP	1.346776
el_valle_s	tP	0.289052
el_valle_s	tP	2.53e-4
el_valle_s	tP	0.234081
el_valle_s	tP	0.79306
el_valle_s	tP	0.624037
el_valle_s	tP	0.491149
el_valle_s	tP	0.649171
el_valle_s	tP	1e-6
el_valle_s	tP	0.969639
el_valle_s	tP	0.267023
el_valle_s	tP	0.988033
el_valle_s	tP	0.278082
el_valle_s	tP	0.125612
el_valle_s	tP	0
el_valle_s	tP	0.503171
el_valle_s	tP	0.053801
el_valle_s	tP	0.491036
el_valle_s	tP	0.423998
el_valle_s	tP	0.213997
el_valle_s	tP	0.009771
el_valle_s	tP	0.350736
el_valle_s	tP	0.906225
el_valle_s	tP	0.116277
el_valle_s	tP	0.637483
el_valle_s	tP	0.597926
el_valle_s	tP	0.363206
el_valle_s	tP	0.7505
el_valle_s	tP	0.823621
el_valle_s	tP	0.272742
el_valle_s	tP	0.576578
el_valle_s	tP	1.466667
el_valle_s	tP	0.12573
el_valle_s	tP	1.266626
el_valle_s	tP	0.118188
el_valle_s	tP	0.029339
el_valle_s	tP	0.200679
el_valle_s	tP	0.062296
el_valle_s	tP	0.119113
el_valle_s	tP	0.461309
el_valle_s	tP	0.637978
el_valle_s	tP	0.133083
el_valle_s	tP	1.115045
el_valle_s	tP	0.188496
el_valle_s	tP	0.09824
el_valle_s	tP	1.135268
el_valle_s	tP	0.599369
el_valle_s	tP	0.73926
el_valle_s	tP	0.205865
el_valle_s	tP	0.128408
el_valle_s	tP	0.671061
el_valle_s	tP	0.982896
el_valle_s	tP	0.925544
el_valle_s	tP	0.733308
el_valle_s	tP	0.627065
el_valle_s	tP	0
el_valle_s	tP	0.166005
el_valle_s	tP	0.29436
el_valle_s	tP	0.592166
el_valle_s	tP	0.402373
el_valle_s	tP	0.048947
el_valle_s	tP	0.145582
el_valle_s	tP	0.282174
el_valle_s	tP	0.301612
el_valle_s	tP	0.148089
el_valle_s	tP	0.267159
el_valle_s	tP	0.657712
el_valle_s	tP	0.390637
el_valle_s	tP	0.375935
el_valle_s	tP	0
el_valle_s	tP	0.614252
el_valle_s	tP	0.267579
el_valle_s	tP	0.416559
el_valle_s	tP	0.060273
el_valle_s	tP	0.970306
el_valle_s	tP	0.930051
el_valle_s	tP	0.107943
el_valle_s	tP	0.467257
el_valle_s	tP	0.283968
el_valle_s	tP	0.05461
el_valle_s	tP	0.909445
el_valle_s	tP	0.391794
el_valle_s	tP	0.685107
el_valle_s	tP	0.052079
el_valle_s	tP	1.774385
el_valle_s	tP	0.280494
el_valle_s	tP	0.048138
el_valle_s	tP	2.018543
el_valle_s	tP	0.568079
el_valle_s	tP	0.785751
el_valle_s	tP	0.055023
el_valle_s	tP	0.2
el_valle_s	tP	0.390848
el_valle_s	tP	0.303004
el_valle_s	tP	0.929511
el_valle_s	tP	0.623545
el_valle_s	tP	0.602191
el_valle_s	tP	0.297323
el_valle_s	tP	0.394868
el_valle_s	tP	0.056714
el_valle_s	tP	1.934659
el_valle_s	tP	0.762063
el_valle_s	tP	0.144637
el_valle_s	tP	0.133825
el_valle_s	tP	0.295429
el_valle_s	tP	0.604894
el_valle_s	tP	1.215094
el_valle_s	tP	0.924174
el_valle_s	tP	0.589924
el_valle_s	tP	0.194735
el_valle_s	tP	2.213332
el_valle_s	tP	0.495432
el_valle_s	tP	0.088254
el_valle_s	tP	0.627819
el_valle_s	tP	0.465524
el_valle_s	tP	0.289577
el_valle_s	tP	0.628105
el_valle_s	tP	0.386121
el_valle_s	tP	0.590846
el_valle_s	tP	0.270848
el_valle_s	tP	0.740577
el_valle_s	tP	0.690002
el_valle_s	tP	0.948137
el_valle_s	tP	0.962671
el_valle_s	tP	0.411986
el_valle_s	tP	0.145582
el_valle_s	tP	0.231041
el_valle_s	tP	0.27306
el_valle_s	tP	0.274202
el_valle_s	tP	0.485181
el_valle_s	tP	0.484545
el_valle_s	tP	0.280449
el_valle_s	tP	1.277088
el_valle_s	tP	0.273228
el_valle_s	tP	0.115331
el_valle_s	tP	0.271688
el_valle_s	tP	0
el_valle_s	tP	0.052587
el_valle_s	tP	0.13613
el_valle_s	tP	0.813104
el_valle_s	tP	0.503961
el_valle_s	tP	0.0627
el_valle_s	tP	0.355255
leconte_divide	tP	0
leconte_divide	tP	0.077351
leconte_divide	tP	0.240711
leconte_divide	tP	0
leconte_divide	tP	0
leconte_divide	tP	0.016372
leconte_divide	tP	0.197372
leconte_divide	tP	0.009504
leconte_divide	tP	1e-6
leconte_divide	tP	0.399989
leconte_divide	tP	0.432352
leconte_divide	tP	7.6e-5
leconte_divide	tP	0.013497
leconte_divide	tP	0.200458
leconte_divide	tP	0.214939
leconte_divide	tP	0.002487
leconte_divide	tP	0
leconte_divide	tP	2.067893
leconte_divide	tP	0.342253
leconte_divide	tP	0.063355
leconte_divide	tP	0.576688
leconte_divide	tP	7.67e-4
leconte_divide	tP	0.016613
leconte_divide	tP	0.189729
leconte_divide	tP	0.599222
leconte_divide	tP	0
leconte_divide	tP	0
leconte_divide	tP	0
leconte_divide	tP	0.196549
leconte_divide	tP	0.041542
leconte_divide	tP	0.192632
leconte_divide	tP	0
leconte_divide	tP	5.04e-4
leconte_divide	tP	0.013001
leconte_divide	tP	7e-6
leconte_divide	tP	0.413517
leconte_divide	tP	0.004347
leconte_divide	tP	0.198945
leconte_divide	tP	0.009471
leconte_divide	tP	0.394573
leconte_divide	tP	0.017576
leconte_divide	tP	0.040641
leconte_divide	tP	0
leconte_divide	tP	0.00106
leconte_divide	tP	6.29e-4
leconte_divide	tP	1.111119
leconte_divide	tP	0.200024
leconte_divide	tP	0.688458
leconte_divide	tP	0.400117
leconte_divide	tP	1.945245
leconte_divide	tP	3.6e-5
leconte_divide	tP	0.2
leconte_divide	tP	0.13533800000000001
leconte_divide	tP	0
leconte_divide	tP	0.002002
leconte_divide	tP	0.018419
leconte_divide	tP	0.01858
leconte_divide	tP	6.08e-4
leconte_divide	tP	1.6e-5
leconte_divide	tP	0
leconte_divide	tP	0.05176
leconte_divide	tP	0.175655
leconte_divide	tP	0.2
leconte_divide	tP	0.355244
leconte_divide	tP	0.094773
leconte_divide	tP	0.014566
leconte_divide	tP	0.018211
leconte_divide	tP	0
leconte_divide	tP	0.199988
leconte_divide	tP	0.2
leconte_divide	tP	0
leconte_divide	tP	0.019141
leconte_divide	tP	0.033591
leconte_divide	tP	2e-6
leconte_divide	tP	0.197487
leconte_divide	tP	0.01673
leconte_divide	tP	0.090958
leconte_divide	tP	3.15e-4
leconte_divide	tP	1.125627
leconte_divide	tP	0
leconte_divide	tP	0.015966
leconte_divide	tP	0.020636
leconte_divide	tP	0.014987
leconte_divide	tP	1.667487
leconte_divide	tP	2.422352
leconte_divide	tP	1e-6
leconte_divide	tP	0.214337
leconte_divide	tP	0
leconte_divide	tP	0.173017
leconte_divide	tP	5e-6
leconte_divide	tP	0.55562
leconte_divide	tP	0.550458
leconte_divide	tP	0.006087
leconte_divide	tP	0.243347
leconte_divide	tP	0.008254
leconte_divide	tP	0.18954
leconte_divide	tP	0.021554
leconte_divide	tP	0.016613
leconte_divide	tP	0.015552
leconte_divide	tP	0.200002
leconte_divide	tP	0.040572
leconte_divide	tP	0.559797
leconte_divide	tP	0.252154
leconte_divide	tP	0.013484
leconte_divide	tP	0.064987
leconte_divide	tP	6.58e-4
leconte_divide	tP	0.200899
leconte_divide	tP	0.01831
leconte_divide	tP	0.055037
leconte_divide	tP	1e-6
leconte_divide	tP	0.246231
leconte_divide	tP	3.39e-4
leconte_divide	tP	0.755553
leconte_divide	tP	0.536273
leconte_divide	tP	0.128211
leconte_divide	tP	0.201056
leconte_divide	tP	0
leconte_divide	tP	0
leconte_divide	tP	0.037277
leconte_divide	tP	1.27e-4
leconte_divide	tP	7e-6
leconte_divide	tP	0
leconte_divide	tP	0.018506
leconte_divide	tP	0.199504
leconte_divide	tP	0.015052
leconte_divide	tP	0.053889
leconte_divide	tP	0.199982
leconte_divide	tP	0
leconte_divide	tP	0.4
leconte_divide	tP	0
leconte_divide	tP	0.639342
leconte_divide	tP	0.555787
leconte_divide	tP	0.044328
leconte_divide	tP	0.004831
leconte_divide	tP	0.387676
leconte_divide	tP	7.2e-4
leconte_divide	tP	0.016854
leconte_divide	tP	0.146717
leconte_divide	tP	0.004928
leconte_divide	tP	0.219675
leconte_divide	tP	0.016974
leconte_divide	tP	0.227048
leconte_divide	tP	0.016765
leconte_divide	tP	0.55564
leconte_divide	tP	0.555657
leconte_divide	tP	0.014326
leconte_divide	tP	0.457299
leconte_divide	tP	1.125789
leconte_divide	tP	0.142396
leconte_divide	tP	0.200316
leconte_divide	tP	0.038782
leconte_divide	tP	0.008557
leconte_divide	tP	1.4e-5
leconte_divide	tP	0
leconte_divide	tP	0.13331200000000001
leconte_divide	tP	0.014326
leconte_divide	tP	0.555565
leconte_divide	tP	0.017247
leconte_divide	tP	0.537374
leconte_divide	tP	0.556624
leconte_divide	tP	0.382715
leconte_divide	tP	0.024906
leconte_divide	tP	0.163947
leconte_divide	tP	0.002754
leconte_divide	tP	1.666665
leconte_divide	tP	0.711342
leconte_divide	tP	0.017817
leconte_divide	tP	0.01565
leconte_divide	tP	0.014807
leconte_divide	tP	0.555676
leconte_divide	tP	0.042348
leconte_divide	tP	1.681907
leconte_divide	tP	0
leconte_divide	tP	0.014687
leconte_divide	tP	0
leconte_divide	tP	1.56e-4
leconte_divide	tP	0
leconte_divide	tP	1.19e-4
leconte_divide	tP	0.55556
leconte_divide	tP	0.033355
leconte_divide	tP	0.018662
leconte_divide	tP	0.013724
mono_pass	tP	1.221321
mono_pass	tP	0.659412
mono_pass	tP	1.127905
mono_pass	tP	0.169336
mono_pass	tP	2.439625
mono_pass	tP	0.224549
mono_pass	tP	1.08237
mono_pass	tP	0.420304
mono_pass	tP	1.550979
mono_pass	tP	0.571006
mono_pass	tP	0.874457
mono_pass	tP	0.803374
mono_pass	tP	0.219475
mono_pass	tP	0.382319
mono_pass	tP	0.807317
mono_pass	tP	0.292897
mono_pass	tP	1.122652
mono_pass	tP	1.730929
mono_pass	tP	1.005913
mono_pass	tP	0.895653
mono_pass	tP	1.091273
mono_pass	tP	0.828292
mono_pass	tP	2.200984
mono_pass	tP	0.81375
mono_pass	tP	1.08257
mono_pass	tP	0.667044
mono_pass	tP	0.747475
mono_pass	tP	0.526261
mono_pass	tP	1.807844
mono_pass	tP	1.360162
mono_pass	tP	0.66001
mono_pass	tP	0.934503
mono_pass	tP	1.302903
mono_pass	tP	0.732963
mono_pass	tP	0.179604
mono_pass	tP	0.981646
mono_pass	tP	0.806025
mono_pass	tP	0.402024
mono_pass	tP	0.984196
mono_pass	tP	0.27225
mono_pass	tP	0.303917
mono_pass	tP	0.140512
mono_pass	tP	0.557254
mono_pass	tP	0.504006
mono_pass	tP	1.482249
mono_pass	tP	0.184857
mono_pass	tP	0.795462
mono_pass	tP	0.111111
mono_pass	tP	1.809462
mono_pass	tP	0.1742
mono_pass	tP	0.111111
mono_pass	tP	0.187805
mono_pass	tP	0
mono_pass	tP	0.624997
mono_pass	tP	0.762898
mono_pass	tP	0.329254
mono_pass	tP	0.175603
mono_pass	tP	0.938267
mono_pass	tP	0.308116
mono_pass	tP	0.376641
mono_pass	tP	0.40857
mono_pass	tP	1.806979
mono_pass	tP	0.545776
mono_pass	tP	0.337419
mono_pass	tP	0.726223
mono_pass	tP	0.3128
mono_pass	tP	1.117892
mono_pass	tP	0.031559
mono_pass	tP	1.086262
mono_pass	tP	0.17453
mono_pass	tP	0.781864
mono_pass	tP	0.145491
mono_pass	tP	0.450109
mono_pass	tP	0.460711
mono_pass	tP	0.59673
mono_pass	tP	0.184973
mono_pass	tP	0.483467
mono_pass	tP	1.542654
mono_pass	tP	0.282776
mono_pass	tP	0.588531
mono_pass	tP	0.528219
mono_pass	tP	1.671171
mono_pass	tP	2.161973
mono_pass	tP	0.059171
mono_pass	tP	1.111385
mono_pass	tP	0.505447
mono_pass	tP	0.787859
mono_pass	tP	0.240218
mono_pass	tP	0.690694
mono_pass	tP	0.667155
mono_pass	tP	0.242186
mono_pass	tP	0.859957
mono_pass	tP	0.590456
mono_pass	tP	0.364013
mono_pass	tP	0.373133
mono_pass	tP	0.425594
mono_pass	tP	0.46154
mono_pass	tP	0.424448
mono_pass	tP	0.805041
mono_pass	tP	0.074592
mono_pass	tP	0.307641
mono_pass	tP	0.083827
mono_pass	tP	0.454736
mono_pass	tP	0.269734
mono_pass	tP	0.135057
mono_pass	tP	0.810373
mono_pass	tP	0.647396
mono_pass	tP	0.141876
mono_pass	tP	0.330023
mono_pass	tP	0.678455
mono_pass	tP	1.383185
mono_pass	tP	0.34924
mono_pass	tP	0.111111
mono_pass	tP	0.326944
mono_pass	tP	0.804448
mono_pass	tP	0.469613
mono_pass	tP	0.42998
mono_pass	tP	0.551697
mono_pass	tP	1.383387
mono_pass	tP	0.184676
mono_pass	tP	0.194127
mono_pass	tP	0.570474
mono_pass	tP	0.552434
mono_pass	tP	0.258724
mono_pass	tP	0.316177
mono_pass	tP	0.176611
mono_pass	tP	0.51475
mono_pass	tP	1.313089
mono_pass	tP	0.580805
mono_pass	tP	0.314898
mono_pass	tP	2.147495
mono_pass	tP	0.063052
mono_pass	tP	0.559599
mono_pass	tP	0.628219
mono_pass	tP	0.937792
mono_pass	tP	0.846597
mono_pass	tP	0.997562
mono_pass	tP	0.787394
mono_pass	tP	0.600591
mono_pass	tP	0.922816
mono_pass	tP	1.002935
mono_pass	tP	0.432403
mono_pass	tP	0.602376
mono_pass	tP	1.159565
mono_pass	tP	0.737378
mono_pass	tP	0.225275
mono_pass	tP	0.367308
mono_pass	tP	0.199747
mono_pass	tP	0.330632
mono_pass	tP	0.987601
mono_pass	tP	1.042457
mono_pass	tP	0.089439
mono_pass	tP	1.016928
mono_pass	tP	1.179074
mono_pass	tP	1.44213
mono_pass	tP	0.800834
mono_pass	tP	0.156357
mono_pass	tP	0.550398
mono_pass	tP	0.671756
mono_pass	tP	0.738112
mono_pass	tP	0.149765
mono_pass	tP	0.907029
mono_pass	tP	0.579635
mono_pass	tP	0.237023
mono_pass	tP	0.525012
mono_pass	tP	1.157891
mono_pass	tP	0.323331
mono_pass	tP	0.111111
mono_pass	tP	0.36059
mono_pass	tP	0.059657
mono_pass	tP	0.292596
mono_pass	tP	0.111098
mono_pass	tP	0.418808
mono_pass	tP	1.05532
mono_pass	tP	0.342345
mono_pass	tP	0.33393
mono_pass	tP	0.120096
unicorn_ponds	tP	0.742494
unicorn_ponds	tP	0.654059
unicorn_ponds	tP	1.489383
unicorn_ponds	tP	0.246774
unicorn_ponds	tP	1.753314
unicorn_ponds	tP	0.074497
unicorn_ponds	tP	1.091438
unicorn_ponds	tP	0.083524
unicorn_ponds	tP	1.227405
unicorn_ponds	tP	0.695583
unicorn_ponds	tP	0.627777
unicorn_ponds	tP	0.592721
unicorn_ponds	tP	0.358226
unicorn_ponds	tP	0.151072
unicorn_ponds	tP	0.118342
unicorn_ponds	tP	0.675639
unicorn_ponds	tP	1.64552
unicorn_ponds	tP	0.856723
unicorn_ponds	tP	0.550405
unicorn_ponds	tP	1.473359
unicorn_ponds	tP	0.73025
unicorn_ponds	tP	2.078566
unicorn_ponds	tP	0.662097
unicorn_ponds	tP	1.300474
unicorn_ponds	tP	0.8848
unicorn_ponds	tP	0.678456
unicorn_ponds	tP	0.635553
unicorn_ponds	tP	2.401298
unicorn_ponds	tP	0.804411
unicorn_ponds	tP	0.647227
unicorn_ponds	tP	0.747359
unicorn_ponds	tP	1.208292
unicorn_ponds	tP	0.128208
unicorn_ponds	tP	0.16149
unicorn_ponds	tP	0.073149
unicorn_ponds	tP	0.625862
unicorn_ponds	tP	0.134231
unicorn_ponds	tP	0.609151
unicorn_ponds	tP	0.319336
unicorn_ponds	tP	0.110904
unicorn_ponds	tP	0.69558
unicorn_ponds	tP	0.582979
unicorn_ponds	tP	0.220795
unicorn_ponds	tP	0.752126
unicorn_ponds	tP	0.169759
unicorn_ponds	tP	0.018734
unicorn_ponds	tP	0.791442
unicorn_ponds	tP	0.304581
unicorn_ponds	tP	1.598728
unicorn_ponds	tP	0.111763
unicorn_ponds	tP	0.238063
unicorn_ponds	tP	0.237405
unicorn_ponds	tP	0.097518
unicorn_ponds	tP	0.16574
unicorn_ponds	tP	0.340542
unicorn_ponds	tP	0.160512
unicorn_ponds	tP	0.286864
unicorn_ponds	tP	0.249066
unicorn_ponds	tP	0.142609
unicorn_ponds	tP	0.292998
unicorn_ponds	tP	0.232096
unicorn_ponds	tP	0.700554
unicorn_ponds	tP	0.167703
unicorn_ponds	tP	0.71957
unicorn_ponds	tP	0.681459
unicorn_ponds	tP	0.157834
unicorn_ponds	tP	0.164199
unicorn_ponds	tP	1.277379
unicorn_ponds	tP	0.234909
unicorn_ponds	tP	1.088848
unicorn_ponds	tP	0.215444
unicorn_ponds	tP	0.165862
unicorn_ponds	tP	0.297537
unicorn_ponds	tP	0.425179
unicorn_ponds	tP	0.176786
unicorn_ponds	tP	0.065994
unicorn_ponds	tP	0.282735
unicorn_ponds	tP	0.205041
unicorn_ponds	tP	1.146376
unicorn_ponds	tP	0.095238
unicorn_ponds	tP	0.241628
unicorn_ponds	tP	0.26185
unicorn_ponds	tP	0.124973
unicorn_ponds	tP	1.986462
unicorn_ponds	tP	2.443875
unicorn_ponds	tP	0.184452
unicorn_ponds	tP	0.84188
unicorn_ponds	tP	0.151708
unicorn_ponds	tP	0.114178
unicorn_ponds	tP	0.204681
unicorn_ponds	tP	0.737575
unicorn_ponds	tP	0.676175
unicorn_ponds	tP	0.183297
unicorn_ponds	tP	0.247743
unicorn_ponds	tP	0.146597
unicorn_ponds	tP	0.470435
unicorn_ponds	tP	0.239151
unicorn_ponds	tP	0.066685
unicorn_ponds	tP	0.22784
unicorn_ponds	tP	0.082812
unicorn_ponds	tP	0.201652
unicorn_ponds	tP	0.391382
unicorn_ponds	tP	0.291813
unicorn_ponds	tP	0.169607
unicorn_ponds	tP	0.322901
unicorn_ponds	tP	0.230014
unicorn_ponds	tP	0.229196
unicorn_ponds	tP	0.301553
unicorn_ponds	tP	0.212527
unicorn_ponds	tP	0.090033
unicorn_ponds	tP	0.415973
unicorn_ponds	tP	0.245582
unicorn_ponds	tP	0.28509
unicorn_ponds	tP	0.191099
unicorn_ponds	tP	0.659902
unicorn_ponds	tP	0.634549
unicorn_ponds	tP	0.079507
unicorn_ponds	tP	0.308946
unicorn_ponds	tP	0.183354
unicorn_ponds	tP	0.390906
unicorn_ponds	tP	0.193149
unicorn_ponds	tP	0.190424
unicorn_ponds	tP	0.192238
unicorn_ponds	tP	0.105025
unicorn_ponds	tP	1.30965
unicorn_ponds	tP	0.363615
unicorn_ponds	tP	0.136033
unicorn_ponds	tP	0.279526
unicorn_ponds	tP	0.671559
unicorn_ponds	tP	0.05214
unicorn_ponds	tP	0.284563
unicorn_ponds	tP	0.201503
unicorn_ponds	tP	0.734534
unicorn_ponds	tP	0.380769
unicorn_ponds	tP	0.177905
unicorn_ponds	tP	0.344454
unicorn_ponds	tP	0.214554
unicorn_ponds	tP	0.125627
unicorn_ponds	tP	0.660467
unicorn_ponds	tP	0.663949
unicorn_ponds	tP	0.128863
unicorn_ponds	tP	0.200624
unicorn_ponds	tP	0.114945
unicorn_ponds	tP	0.753411
unicorn_ponds	tP	0.593697
unicorn_ponds	tP	0.372941
unicorn_ponds	tP	1.207493
unicorn_ponds	tP	1.277268
unicorn_ponds	tP	0.020021
unicorn_ponds	tP	0.487617
unicorn_ponds	tP	0.177376
unicorn_ponds	tP	0.19102
unicorn_ponds	tP	0.547213
unicorn_ponds	tP	0.068262
unicorn_ponds	tP	0.286044
unicorn_ponds	tP	0.688924
unicorn_ponds	tP	0.107408
unicorn_ponds	tP	1.397693
unicorn_ponds	tP	0.776579
unicorn_ponds	tP	0.218871
unicorn_ponds	tP	0.26047
unicorn_ponds	tP	0.349071
unicorn_ponds	tP	0.918692
unicorn_ponds	tP	0.227998
unicorn_ponds	tP	0.269872
unicorn_ponds	tP	0.167626
unicorn_ponds	tP	0.636966
unicorn_ponds	tP	0.015347
unicorn_ponds	tP	1.610246
unicorn_ponds	tP	0.171255
unicorn_ponds	tP	0.282733
unicorn_ponds	tP	0.190651
unicorn_ponds	tP	0.45048
unicorn_ponds	tP	0.164039
unicorn_ponds	tP	0.225412
unicorn_ponds	tP	0.738356
unicorn_ponds	tP	0.168806
unicorn_ponds	tP	0.164383
unicorn_ponds	tP	0.041206
